municipality_code,prefecture_code,jp_name,jp_kana
011002,010006,札幌市,ｻｯﾎﾟﾛｼ
012025,010006,函館市,ﾊｺﾀﾞﾃｼ
012033,010006,小樽市,ｵﾀﾙｼ
012041,010006,旭川市,ｱｻﾋｶﾜｼ
012050,010006,室蘭市,ﾑﾛﾗﾝｼ
012068,010006,釧路市,ｸｼﾛｼ
012076,010006,帯広市,ｵﾋﾞﾋﾛｼ
012084,010006,北見市,ｷﾀﾐｼ
012092,010006,夕張市,ﾕｳﾊﾞﾘｼ
012106,010006,岩見沢市,ｲﾜﾐｻﾞﾜｼ
012114,010006,網走市,ｱﾊﾞｼﾘｼ
012122,010006,留萌市,ﾙﾓｲｼ
012131,010006,苫小牧市,ﾄﾏｺﾏｲｼ
012149,010006,稚内市,ﾜｯｶﾅｲｼ
012157,010006,美唄市,ﾋﾞﾊﾞｲｼ
012165,010006,芦別市,ｱｼﾍﾞﾂｼ
012173,010006,江別市,ｴﾍﾞﾂｼ
012181,010006,赤平市,ｱｶﾋﾞﾗｼ
012190,010006,紋別市,ﾓﾝﾍﾞﾂｼ
012203,010006,士別市,ｼﾍﾞﾂｼ
012211,010006,名寄市,ﾅﾖﾛｼ
012220,010006,三笠市,ﾐｶｻｼ
012238,010006,根室市,ﾈﾑﾛｼ
012246,010006,千歳市,ﾁﾄｾｼ
012254,010006,滝川市,ﾀｷｶﾜｼ
012262,010006,砂川市,ｽﾅｶﾞﾜｼ
012271,010006,歌志内市,ｳﾀｼﾅｲｼ
012289,010006,深川市,ﾌｶｶﾞﾜｼ
012297,010006,富良野市,ﾌﾗﾉｼ
012301,010006,登別市,ﾉﾎﾞﾘﾍﾞﾂｼ
012319,010006,恵庭市,ｴﾆﾜｼ
012335,010006,伊達市,ﾀﾞﾃｼ
012343,010006,北広島市,ｷﾀﾋﾛｼﾏｼ
012351,010006,石狩市,ｲｼｶﾘｼ
012360,010006,北斗市,ﾎｸﾄｼ
013030,010006,当別町,ﾄｳﾍﾞﾂﾁｮｳ
013048,010006,新篠津村,ｼﾝｼﾉﾂﾑﾗ
013315,010006,松前町,ﾏﾂﾏｴﾁｮｳ
013323,010006,福島町,ﾌｸｼﾏﾁｮｳ
013331,010006,知内町,ｼﾘｳﾁﾁｮｳ
013340,010006,木古内町,ｷｺﾅｲﾁｮｳ
013374,010006,七飯町,ﾅﾅｴﾁｮｳ
013439,010006,鹿部町,ｼｶﾍﾞﾁｮｳ
013455,010006,森町,ﾓﾘﾏﾁ
013463,010006,八雲町,ﾔｸﾓﾁｮｳ
013471,010006,長万部町,ｵｼｬﾏﾝﾍﾞﾁｮｳ
013617,010006,江差町,ｴｻｼﾁｮｳ
013625,010006,上ノ国町,ｶﾐﾉｸﾆﾁｮｳ
013633,010006,厚沢部町,ｱｯｻﾌﾞﾁｮｳ
013641,010006,乙部町,ｵﾄﾍﾞﾁｮｳ
013676,010006,奥尻町,ｵｸｼﾘﾁｮｳ
013706,010006,今金町,ｲﾏｶﾈﾁｮｳ
013714,010006,せたな町,ｾﾀﾅﾁｮｳ
013919,010006,島牧村,ｼﾏﾏｷﾑﾗ
013927,010006,寿都町,ｽｯﾂﾁｮｳ
013935,010006,黒松内町,ｸﾛﾏﾂﾅｲﾁｮｳ
013943,010006,蘭越町,ﾗﾝｺｼﾁｮｳ
013951,010006,ニセコ町,ﾆｾｺﾁｮｳ
013960,010006,真狩村,ﾏｯｶﾘﾑﾗ
013978,010006,留寿都村,ﾙｽﾂﾑﾗ
013986,010006,喜茂別町,ｷﾓﾍﾞﾂﾁｮｳ
013994,010006,京極町,ｷｮｳｺﾞｸﾁｮｳ
014001,010006,倶知安町,ｸｯﾁｬﾝﾁｮｳ
014010,010006,共和町,ｷｮｳﾜﾁｮｳ
014028,010006,岩内町,ｲﾜﾅｲﾁｮｳ
014036,010006,泊村,ﾄﾏﾘﾑﾗ
014044,010006,神恵内村,ｶﾓｴﾅｲﾑﾗ
014052,010006,積丹町,ｼｬｺﾀﾝﾁｮｳ
014061,010006,古平町,ﾌﾙﾋﾞﾗﾁｮｳ
014079,010006,仁木町,ﾆｷﾁｮｳ
014087,010006,余市町,ﾖｲﾁﾁｮｳ
014095,010006,赤井川村,ｱｶｲｶﾞﾜﾑﾗ
014231,010006,南幌町,ﾅﾝﾎﾟﾛﾁｮｳ
014249,010006,奈井江町,ﾅｲｴﾁｮｳ
014257,010006,上砂川町,ｶﾐｽﾅｶﾞﾜﾁｮｳ
014273,010006,由仁町,ﾕﾆﾁｮｳ
014281,010006,長沼町,ﾅｶﾞﾇﾏﾁｮｳ
014290,010006,栗山町,ｸﾘﾔﾏﾁｮｳ
014303,010006,月形町,ﾂｷｶﾞﾀﾁｮｳ
014311,010006,浦臼町,ｳﾗｳｽﾁｮｳ
014320,010006,新十津川町,ｼﾝﾄﾂｶﾜﾁｮｳ
014338,010006,妹背牛町,ﾓｾｳｼﾁｮｳ
014346,010006,秩父別町,ﾁｯﾌﾟﾍﾞﾂﾁｮｳ
014362,010006,雨竜町,ｳﾘｭｳﾁｮｳ
014371,010006,北竜町,ﾎｸﾘｭｳﾁｮｳ
014389,010006,沼田町,ﾇﾏﾀﾁｮｳ
014524,010006,鷹栖町,ﾀｶｽﾁｮｳ
014532,010006,東神楽町,ﾋｶﾞｼｶｸﾞﾗﾁｮｳ
014541,010006,当麻町,ﾄｳﾏﾁｮｳ
014559,010006,比布町,ﾋﾟｯﾌﾟﾁｮｳ
014567,010006,愛別町,ｱｲﾍﾞﾂﾁｮｳ
014575,010006,上川町,ｶﾐｶﾜﾁｮｳ
014583,010006,東川町,ﾋｶﾞｼｶﾜﾁｮｳ
014591,010006,美瑛町,ﾋﾞｴｲﾁｮｳ
014605,010006,上富良野町,ｶﾐﾌﾗﾉﾁｮｳ
014613,010006,中富良野町,ﾅｶﾌﾗﾉﾁｮｳ
014621,010006,南富良野町,ﾐﾅﾐﾌﾗﾉﾁｮｳ
014630,010006,占冠村,ｼﾑｶｯﾌﾟﾑﾗ
014648,010006,和寒町,ﾜｯｻﾑﾁｮｳ
014656,010006,剣淵町,ｹﾝﾌﾞﾁﾁｮｳ
014681,010006,下川町,ｼﾓｶﾜﾁｮｳ
014699,010006,美深町,ﾋﾞﾌｶﾁｮｳ
014702,010006,音威子府村,ｵﾄｲﾈｯﾌﾟﾑﾗ
014711,010006,中川町,ﾅｶｶﾞﾜﾁｮｳ
014729,010006,幌加内町,ﾎﾛｶﾅｲﾁｮｳ
014818,010006,増毛町,ﾏｼｹﾁｮｳ
014826,010006,小平町,ｵﾋﾞﾗﾁｮｳ
014834,010006,苫前町,ﾄﾏﾏｴﾁｮｳ
014842,010006,羽幌町,ﾊﾎﾞﾛﾁｮｳ
014851,010006,初山別村,ｼｮｻﾝﾍﾞﾂﾑﾗ
014869,010006,遠別町,ｴﾝﾍﾞﾂﾁｮｳ
014877,010006,天塩町,ﾃｼｵﾁｮｳ
015113,010006,猿払村,ｻﾙﾌﾂﾑﾗ
015121,010006,浜頓別町,ﾊﾏﾄﾝﾍﾞﾂﾁｮｳ
015130,010006,中頓別町,ﾅｶﾄﾝﾍﾞﾂﾁｮｳ
015148,010006,枝幸町,ｴｻｼﾁｮｳ
015164,010006,豊富町,ﾄﾖﾄﾐﾁｮｳ
015172,010006,礼文町,ﾚﾌﾞﾝﾁｮｳ
015181,010006,利尻町,ﾘｼﾘﾁｮｳ
015199,010006,利尻富士町,ﾘｼﾘﾌｼﾞﾁｮｳ
015202,010006,幌延町,ﾎﾛﾉﾍﾞﾁｮｳ
015431,010006,美幌町,ﾋﾞﾎﾛﾁｮｳ
015440,010006,津別町,ﾂﾍﾞﾂﾁｮｳ
015458,010006,斜里町,ｼｬﾘﾁｮｳ
015466,010006,清里町,ｷﾖｻﾄﾁｮｳ
015474,010006,小清水町,ｺｼﾐｽﾞﾁｮｳ
015491,010006,訓子府町,ｸﾝﾈｯﾌﾟﾁｮｳ
015504,010006,置戸町,ｵｹﾄﾁｮｳ
015521,010006,佐呂間町,ｻﾛﾏﾁｮｳ
015555,010006,遠軽町,ｴﾝｶﾞﾙﾁｮｳ
015598,010006,湧別町,ﾕｳﾍﾞﾂﾁｮｳ
015601,010006,滝上町,ﾀｷﾉｳｴﾁｮｳ
015610,010006,興部町,ｵｺｯﾍﾟﾁｮｳ
015628,010006,西興部村,ﾆｼｵｺｯﾍﾟﾑﾗ
015636,010006,雄武町,ｵｳﾑﾁｮｳ
015644,010006,大空町,ｵｵｿﾞﾗﾁｮｳ
015717,010006,豊浦町,ﾄﾖｳﾗﾁｮｳ
015750,010006,壮瞥町,ｿｳﾍﾞﾂﾁｮｳ
015784,010006,白老町,ｼﾗｵｲﾁｮｳ
015814,010006,厚真町,ｱﾂﾏﾁｮｳ
015849,010006,洞爺湖町,ﾄｳﾔｺﾁｮｳ
015857,010006,安平町,ｱﾋﾞﾗﾁｮｳ
015865,010006,むかわ町,ﾑｶﾜﾁｮｳ
016012,010006,日高町,ﾋﾀﾞｶﾁｮｳ
016021,010006,平取町,ﾋﾞﾗﾄﾘﾁｮｳ
016047,010006,新冠町,ﾆｲｶｯﾌﾟﾁｮｳ
016071,010006,浦河町,ｳﾗｶﾜﾁｮｳ
016080,010006,様似町,ｻﾏﾆﾁｮｳ
016098,010006,えりも町,ｴﾘﾓﾁｮｳ
016101,010006,新ひだか町,ｼﾝﾋﾀﾞｶﾁｮｳ
016314,010006,音更町,ｵﾄﾌｹﾁｮｳ
016322,010006,士幌町,ｼﾎﾛﾁｮｳ
016331,010006,上士幌町,ｶﾐｼﾎﾛﾁｮｳ
016349,010006,鹿追町,ｼｶｵｲﾁｮｳ
016357,010006,新得町,ｼﾝﾄｸﾁｮｳ
016365,010006,清水町,ｼﾐｽﾞﾁｮｳ
016373,010006,芽室町,ﾒﾑﾛﾁｮｳ
016381,010006,中札内村,ﾅｶｻﾂﾅｲﾑﾗ
016390,010006,更別村,ｻﾗﾍﾞﾂﾑﾗ
016411,010006,大樹町,ﾀｲｷﾁｮｳ
016420,010006,広尾町,ﾋﾛｵﾁｮｳ
016438,010006,幕別町,ﾏｸﾍﾞﾂﾁｮｳ
016446,010006,池田町,ｲｹﾀﾞﾁｮｳ
016454,010006,豊頃町,ﾄﾖｺﾛﾁｮｳ
016462,010006,本別町,ﾎﾝﾍﾞﾂﾁｮｳ
016471,010006,足寄町,ｱｼｮﾛﾁｮｳ
016489,010006,陸別町,ﾘｸﾍﾞﾂﾁｮｳ
016497,010006,浦幌町,ｳﾗﾎﾛﾁｮｳ
016616,010006,釧路町,ｸｼﾛﾁｮｳ
016624,010006,厚岸町,ｱｯｹｼﾁｮｳ
016632,010006,浜中町,ﾊﾏﾅｶﾁｮｳ
016641,010006,標茶町,ｼﾍﾞﾁｬﾁｮｳ
016659,010006,弟子屈町,ﾃｼｶｶﾞﾁｮｳ
016675,010006,鶴居村,ﾂﾙｲﾑﾗ
016683,010006,白糠町,ｼﾗﾇｶﾁｮｳ
016918,010006,別海町,ﾍﾞﾂｶｲﾁｮｳ
016926,010006,中標津町,ﾅｶｼﾍﾞﾂﾁｮｳ
016934,010006,標津町,ｼﾍﾞﾂﾁｮｳ
016942,010006,羅臼町,ﾗｳｽﾁｮｳ
016951,010006,色丹村,ｼｺﾀﾝﾑﾗ
016969,010006,泊村,ﾄﾏﾘﾑﾗ
016977,010006,留夜別村,ﾙﾔﾍﾞﾂﾑﾗ
016985,010006,留別村,ﾙﾍﾞﾂﾑﾗ
016993,010006,紗那村,ｼｬﾅﾑﾗ
017001,010006,蘂取村,ｼﾍﾞﾄﾛﾑﾗ
022012,020001,青森市,ｱｵﾓﾘｼ
022021,020001,弘前市,ﾋﾛｻｷｼ
022039,020001,八戸市,ﾊﾁﾉﾍｼ
022047,020001,黒石市,ｸﾛｲｼｼ
022055,020001,五所川原市,ｺﾞｼｮｶﾞﾜﾗｼ
022063,020001,十和田市,ﾄﾜﾀﾞｼ
022071,020001,三沢市,ﾐｻﾜｼ
022080,020001,むつ市,ﾑﾂｼ
022098,020001,つがる市,ﾂｶﾞﾙｼ
022101,020001,平川市,ﾋﾗｶﾜｼ
023019,020001,平内町,ﾋﾗﾅｲﾏﾁ
023035,020001,今別町,ｲﾏﾍﾞﾂﾏﾁ
023043,020001,蓬田村,ﾖﾓｷﾞﾀﾑﾗ
023078,020001,外ヶ浜町,ｿﾄｶﾞﾊﾏﾏﾁ
023213,020001,鰺ヶ沢町,ｱｼﾞｶﾞｻﾜﾏﾁ
023230,020001,深浦町,ﾌｶｳﾗﾏﾁ
023434,020001,西目屋村,ﾆｼﾒﾔﾑﾗ
023612,020001,藤崎町,ﾌｼﾞｻｷﾏﾁ
023621,020001,大鰐町,ｵｵﾜﾆﾏﾁ
023671,020001,田舎館村,ｲﾅｶﾀﾞﾃﾑﾗ
023817,020001,板柳町,ｲﾀﾔﾅｷﾞﾏﾁ
023841,020001,鶴田町,ﾂﾙﾀﾏﾁ
023876,020001,中泊町,ﾅｶﾄﾞﾏﾘﾏﾁ
024015,020001,野辺地町,ﾉﾍｼﾞﾏﾁ
024023,020001,七戸町,ｼﾁﾉﾍﾏﾁ
024058,020001,六戸町,ﾛｸﾉﾍﾏﾁ
024066,020001,横浜町,ﾖｺﾊﾏﾏﾁ
024082,020001,東北町,ﾄｳﾎｸﾏﾁ
024112,020001,六ヶ所村,ﾛｯｶｼｮﾑﾗ
024121,020001,おいらせ町,ｵｲﾗｾﾁｮｳ
024236,020001,大間町,ｵｵﾏﾏﾁ
024244,020001,東通村,ﾋｶﾞｼﾄﾞｵﾘﾑﾗ
024252,020001,風間浦村,ｶｻﾞﾏｳﾗﾑﾗ
024261,020001,佐井村,ｻｲﾑﾗ
024414,020001,三戸町,ｻﾝﾉﾍﾏﾁ
024422,020001,五戸町,ｺﾞﾉﾍﾏﾁ
024431,020001,田子町,ﾀｯｺﾏﾁ
024457,020001,南部町,ﾅﾝﾌﾞﾁｮｳ
024465,020001,階上町,ﾊｼｶﾐﾁｮｳ
024503,020001,新郷村,ｼﾝｺﾞｳﾑﾗ
032018,030007,盛岡市,ﾓﾘｵｶｼ
032026,030007,宮古市,ﾐﾔｺｼ
032034,030007,大船渡市,ｵｵﾌﾅﾄｼ
032051,030007,花巻市,ﾊﾅﾏｷｼ
032069,030007,北上市,ｷﾀｶﾐｼ
032077,030007,久慈市,ｸｼﾞｼ
032085,030007,遠野市,ﾄｵﾉｼ
032093,030007,一関市,ｲﾁﾉｾｷｼ
032107,030007,陸前高田市,ﾘｸｾﾞﾝﾀｶﾀｼ
032115,030007,釜石市,ｶﾏｲｼｼ
032131,030007,二戸市,ﾆﾉﾍｼ
032140,030007,八幡平市,ﾊﾁﾏﾝﾀｲｼ
032158,030007,奥州市,ｵｳｼｭｳｼ
032166,030007,滝沢市,ﾀｷｻﾞﾜｼ
033014,030007,雫石町,ｼｽﾞｸｲｼﾁｮｳ
033022,030007,葛巻町,ｸｽﾞﾏｷﾏﾁ
033031,030007,岩手町,ｲﾜﾃﾏﾁ
033219,030007,紫波町,ｼﾜﾁｮｳ
033227,030007,矢巾町,ﾔﾊﾊﾞﾁｮｳ
033669,030007,西和賀町,ﾆｼﾜｶﾞﾏﾁ
033812,030007,金ケ崎町,ｶﾈｶﾞｻｷﾁｮｳ
034029,030007,平泉町,ﾋﾗｲｽﾞﾐﾁｮｳ
034410,030007,住田町,ｽﾐﾀﾁｮｳ
034614,030007,大槌町,ｵｵﾂﾁﾁｮｳ
034827,030007,山田町,ﾔﾏﾀﾞﾏﾁ
034835,030007,岩泉町,ｲﾜｲｽﾞﾐﾁｮｳ
034843,030007,田野畑村,ﾀﾉﾊﾀﾑﾗ
034851,030007,普代村,ﾌﾀﾞｲﾑﾗ
035017,030007,軽米町,ｶﾙﾏｲﾏﾁ
035033,030007,野田村,ﾉﾀﾞﾑﾗ
035068,030007,九戸村,ｸﾉﾍﾑﾗ
035076,030007,洋野町,ﾋﾛﾉﾁｮｳ
035246,030007,一戸町,ｲﾁﾉﾍﾏﾁ
041009,040002,仙台市,ｾﾝﾀﾞｲｼ
042021,040002,石巻市,ｲｼﾉﾏｷｼ
042030,040002,塩竈市,ｼｵｶﾞﾏｼ
042056,040002,気仙沼市,ｹｾﾝﾇﾏｼ
042064,040002,白石市,ｼﾛｲｼｼ
042072,040002,名取市,ﾅﾄﾘｼ
042081,040002,角田市,ｶｸﾀﾞｼ
042099,040002,多賀城市,ﾀｶﾞｼﾞｮｳｼ
042111,040002,岩沼市,ｲﾜﾇﾏｼ
042129,040002,登米市,ﾄﾒｼ
042137,040002,栗原市,ｸﾘﾊﾗｼ
042145,040002,東松島市,ﾋｶﾞｼﾏﾂｼﾏｼ
042153,040002,大崎市,ｵｵｻｷｼ
042161,040002,富谷市,ﾄﾐﾔｼ
043010,040002,蔵王町,ｻﾞｵｳﾏﾁ
043028,040002,七ヶ宿町,ｼﾁｶｼｭｸﾏﾁ
043214,040002,大河原町,ｵｵｶﾞﾜﾗﾏﾁ
043222,040002,村田町,ﾑﾗﾀﾏﾁ
043231,040002,柴田町,ｼﾊﾞﾀﾏﾁ
043249,040002,川崎町,ｶﾜｻｷﾏﾁ
043419,040002,丸森町,ﾏﾙﾓﾘﾏﾁ
043613,040002,亘理町,ﾜﾀﾘﾁｮｳ
043621,040002,山元町,ﾔﾏﾓﾄﾁｮｳ
044016,040002,松島町,ﾏﾂｼﾏﾏﾁ
044041,040002,七ヶ浜町,ｼﾁｶﾞﾊﾏﾏﾁ
044067,040002,利府町,ﾘﾌﾁｮｳ
044211,040002,大和町,ﾀｲﾜﾁｮｳ
044229,040002,大郷町,ｵｵｻﾄﾁｮｳ
044245,040002,大衡村,ｵｵﾋﾗﾑﾗ
044440,040002,色麻町,ｼｶﾏﾁｮｳ
044458,040002,加美町,ｶﾐﾏﾁ
045012,040002,涌谷町,ﾜｸﾔﾁｮｳ
045055,040002,美里町,ﾐｻﾄﾏﾁ
045811,040002,女川町,ｵﾅｶﾞﾜﾁｮｳ
046060,040002,南三陸町,ﾐﾅﾐｻﾝﾘｸﾁｮｳ
052019,050008,秋田市,ｱｷﾀｼ
052027,050008,能代市,ﾉｼﾛｼ
052035,050008,横手市,ﾖｺﾃｼ
052043,050008,大館市,ｵｵﾀﾞﾃｼ
052060,050008,男鹿市,ｵｶﾞｼ
052078,050008,湯沢市,ﾕｻﾞﾜｼ
052094,050008,鹿角市,ｶﾂﾞﾉｼ
052108,050008,由利本荘市,ﾕﾘﾎﾝｼﾞｮｳｼ
052116,050008,潟上市,ｶﾀｶﾞﾐｼ
052124,050008,大仙市,ﾀﾞｲｾﾝｼ
052132,050008,北秋田市,ｷﾀｱｷﾀｼ
052141,050008,にかほ市,ﾆｶﾎｼ
052159,050008,仙北市,ｾﾝﾎﾞｸｼ
053031,050008,小坂町,ｺｻｶﾏﾁ
053279,050008,上小阿仁村,ｶﾐｺｱﾆﾑﾗ
053465,050008,藤里町,ﾌｼﾞｻﾄﾏﾁ
053481,050008,三種町,ﾐﾀﾈﾁｮｳ
053490,050008,八峰町,ﾊｯﾎﾟｳﾁｮｳ
053619,050008,五城目町,ｺﾞｼﾞｮｳﾒﾏﾁ
053635,050008,八郎潟町,ﾊﾁﾛｳｶﾞﾀﾏﾁ
053660,050008,井川町,ｲｶﾜﾏﾁ
053686,050008,大潟村,ｵｵｶﾞﾀﾑﾗ
054348,050008,美郷町,ﾐｻﾄﾁｮｳ
054631,050008,羽後町,ｳｺﾞﾏﾁ
054640,050008,東成瀬村,ﾋｶﾞｼﾅﾙｾﾑﾗ
062014,060003,山形市,ﾔﾏｶﾞﾀｼ
062022,060003,米沢市,ﾖﾈｻﾞﾜｼ
062031,060003,鶴岡市,ﾂﾙｵｶｼ
062049,060003,酒田市,ｻｶﾀｼ
062057,060003,新庄市,ｼﾝｼﾞｮｳｼ
062065,060003,寒河江市,ｻｶﾞｴｼ
062073,060003,上山市,ｶﾐﾉﾔﾏｼ
062081,060003,村山市,ﾑﾗﾔﾏｼ
062090,060003,長井市,ﾅｶﾞｲｼ
062103,060003,天童市,ﾃﾝﾄﾞｳｼ
062111,060003,東根市,ﾋｶﾞｼﾈｼ
062120,060003,尾花沢市,ｵﾊﾞﾅｻﾞﾜｼ
062138,060003,南陽市,ﾅﾝﾖｳｼ
063011,060003,山辺町,ﾔﾏﾉﾍﾞﾏﾁ
063029,060003,中山町,ﾅｶﾔﾏﾏﾁ
063215,060003,河北町,ｶﾎｸﾁｮｳ
063223,060003,西川町,ﾆｼｶﾜﾏﾁ
063231,060003,朝日町,ｱｻﾋﾏﾁ
063240,060003,大江町,ｵｵｴﾏﾁ
063410,060003,大石田町,ｵｵｲｼﾀﾞﾏﾁ
063614,060003,金山町,ｶﾈﾔﾏﾏﾁ
063622,060003,最上町,ﾓｶﾞﾐﾏﾁ
063631,060003,舟形町,ﾌﾅｶﾞﾀﾏﾁ
063649,060003,真室川町,ﾏﾑﾛｶﾞﾜﾏﾁ
063657,060003,大蔵村,ｵｵｸﾗﾑﾗ
063665,060003,鮭川村,ｻｹｶﾞﾜﾑﾗ
063673,060003,戸沢村,ﾄｻﾞﾜﾑﾗ
063819,060003,高畠町,ﾀｶﾊﾀﾏﾁ
063827,060003,川西町,ｶﾜﾆｼﾏﾁ
064017,060003,小国町,ｵｸﾞﾆﾏﾁ
064025,060003,白鷹町,ｼﾗﾀｶﾏﾁ
064033,060003,飯豊町,ｲｲﾃﾞﾏﾁ
064262,060003,三川町,ﾐｶﾜﾏﾁ
064289,060003,庄内町,ｼﾖｳﾅｲﾏﾁ
064611,060003,遊佐町,ﾕｻﾞﾏﾁ
072010,070009,福島市,ﾌｸｼﾏｼ
072028,070009,会津若松市,ｱｲﾂﾞﾜｶﾏﾂｼ
072036,070009,郡山市,ｺｵﾘﾔﾏｼ
072044,070009,いわき市,ｲﾜｷｼ
072052,070009,白河市,ｼﾗｶﾜｼ
072079,070009,須賀川市,ｽｶｶﾞﾜｼ
072087,070009,喜多方市,ｷﾀｶﾀｼ
072095,070009,相馬市,ｿｳﾏｼ
072109,070009,二本松市,ﾆﾎﾝﾏﾂｼ
072117,070009,田村市,ﾀﾑﾗｼ
072125,070009,南相馬市,ﾐﾅﾐｿｳﾏｼ
072133,070009,伊達市,ﾀﾞﾃｼ
072141,070009,本宮市,ﾓﾄﾐﾔｼ
073016,070009,桑折町,ｺｵﾘﾏﾁ
073032,070009,国見町,ｸﾆﾐﾏﾁ
073083,070009,川俣町,ｶﾜﾏﾀﾏﾁ
073229,070009,大玉村,ｵｵﾀﾏﾑﾗ
073423,070009,鏡石町,ｶｶﾞﾐｲｼﾏﾁ
073440,070009,天栄村,ﾃﾝｴｲﾑﾗ
073628,070009,下郷町,ｼﾓｺﾞｳﾏﾁ
073644,070009,檜枝岐村,ﾋﾉｴﾏﾀﾑﾗ
073679,070009,只見町,ﾀﾀﾞﾐﾏﾁ
073687,070009,南会津町,ﾐﾅﾐｱｲﾂﾞﾏﾁ
074021,070009,北塩原村,ｷﾀｼｵﾊﾞﾗﾑﾗ
074055,070009,西会津町,ﾆｼｱｲﾂﾞﾏﾁ
074071,070009,磐梯町,ﾊﾞﾝﾀﾞｲﾏﾁ
074080,070009,猪苗代町,ｲﾅﾜｼﾛﾏﾁ
074217,070009,会津坂下町,ｱｲﾂﾞﾊﾞﾝｹﾞﾏﾁ
074225,070009,湯川村,ﾕｶﾞﾜﾑﾗ
074233,070009,柳津町,ﾔﾅｲﾂﾞﾏﾁ
074446,070009,三島町,ﾐｼﾏﾏﾁ
074454,070009,金山町,ｶﾈﾔﾏﾏﾁ
074462,070009,昭和村,ｼｮｳﾜﾑﾗ
074471,070009,会津美里町,ｱｲﾂﾞﾐｻﾄﾏﾁ
074616,070009,西郷村,ﾆｼｺﾞｳﾑﾗ
074641,070009,泉崎村,ｲｽﾞﾐｻﾞｷﾑﾗ
074659,070009,中島村,ﾅｶｼﾞﾏﾑﾗ
074667,070009,矢吹町,ﾔﾌﾞｷﾏﾁ
074811,070009,棚倉町,ﾀﾅｸﾞﾗﾏﾁ
074829,070009,矢祭町,ﾔﾏﾂﾘﾏﾁ
074837,070009,塙町,ﾊﾅﾜﾏﾁ
074845,070009,鮫川村,ｻﾒｶﾞﾜﾑﾗ
075019,070009,石川町,ｲｼｶﾜﾏﾁ
075027,070009,玉川村,ﾀﾏｶﾜﾑﾗ
075035,070009,平田村,ﾋﾗﾀﾑﾗ
075043,070009,浅川町,ｱｻｶﾜﾏﾁ
075051,070009,古殿町,ﾌﾙﾄﾞﾉﾏﾁ
075213,070009,三春町,ﾐﾊﾙﾏﾁ
075221,070009,小野町,ｵﾉﾏﾁ
075418,070009,広野町,ﾋﾛﾉﾏﾁ
075426,070009,楢葉町,ﾅﾗﾊﾏﾁ
075434,070009,富岡町,ﾄﾐｵｶﾏﾁ
075442,070009,川内村,ｶﾜｳﾁﾑﾗ
075451,070009,大熊町,ｵｵｸﾏﾏﾁ
075469,070009,双葉町,ﾌﾀﾊﾞﾏﾁ
075477,070009,浪江町,ﾅﾐｴﾏﾁ
075485,070009,葛尾村,ｶﾂﾗｵﾑﾗ
075612,070009,新地町,ｼﾝﾁﾏﾁ
075647,070009,飯舘村,ｲｲﾀﾃﾑﾗ
082015,080004,水戸市,ﾐﾄｼ
082023,080004,日立市,ﾋﾀﾁｼ
082031,080004,土浦市,ﾂﾁｳﾗｼ
082040,080004,古河市,ｺｶﾞｼ
082058,080004,石岡市,ｲｼｵｶｼ
082074,080004,結城市,ﾕｳｷｼ
082082,080004,龍ケ崎市,ﾘｭｳｶﾞｻｷｼ
082104,080004,下妻市,ｼﾓﾂﾏｼ
082112,080004,常総市,ｼﾞｮｳｿｳｼ
082121,080004,常陸太田市,ﾋﾀﾁｵｵﾀｼ
082147,080004,高萩市,ﾀｶﾊｷﾞｼ
082155,080004,北茨城市,ｷﾀｲﾊﾞﾗｷｼ
082163,080004,笠間市,ｶｻﾏｼ
082171,080004,取手市,ﾄﾘﾃﾞｼ
082198,080004,牛久市,ｳｼｸｼ
082201,080004,つくば市,ﾂｸﾊﾞｼ
082210,080004,ひたちなか市,ﾋﾀﾁﾅｶｼ
082228,080004,鹿嶋市,ｶｼﾏｼ
082236,080004,潮来市,ｲﾀｺｼ
082244,080004,守谷市,ﾓﾘﾔｼ
082252,080004,常陸大宮市,ﾋﾀﾁｵｵﾐﾔｼ
082261,080004,那珂市,ﾅｶｼ
082279,080004,筑西市,ﾁｸｾｲｼ
082287,080004,坂東市,ﾊﾞﾝﾄﾞｳｼ
082295,080004,稲敷市,ｲﾅｼｷｼ
082309,080004,かすみがうら市,ｶｽﾐｶﾞｳﾗｼ
082317,080004,桜川市,ｻｸﾗｶﾞﾜｼ
082325,080004,神栖市,ｶﾐｽｼ
082333,080004,行方市,ﾅﾒｶﾞﾀｼ
082341,080004,鉾田市,ﾎｺﾀｼ
082350,080004,つくばみらい市,ﾂｸﾊﾞﾐﾗｲｼ
082368,080004,小美玉市,ｵﾐﾀﾏｼ
083020,080004,茨城町,ｲﾊﾞﾗｷﾏﾁ
083097,080004,大洗町,ｵｵｱﾗｲﾏﾁ
083101,080004,城里町,ｼﾛｻﾄﾏﾁ
083411,080004,東海村,ﾄｳｶｲﾑﾗ
083640,080004,大子町,ﾀﾞｲｺﾞﾏﾁ
084425,080004,美浦村,ﾐﾎﾑﾗ
084433,080004,阿見町,ｱﾐﾏﾁ
084476,080004,河内町,ｶﾜﾁﾏﾁ
085219,080004,八千代町,ﾔﾁﾖﾏﾁ
085421,080004,五霞町,ｺﾞｶﾏﾁ
085464,080004,境町,ｻｶｲﾏﾁ
085642,080004,利根町,ﾄﾈﾏﾁ
092011,090000,宇都宮市,ｳﾂﾉﾐﾔｼ
092029,090000,足利市,ｱｼｶｶﾞｼ
092037,090000,栃木市,ﾄﾁｷﾞｼ
092045,090000,佐野市,ｻﾉｼ
092053,090000,鹿沼市,ｶﾇﾏｼ
092061,090000,日光市,ﾆｯｺｳｼ
092088,090000,小山市,ｵﾔﾏｼ
092096,090000,真岡市,ﾓｵｶｼ
092100,090000,大田原市,ｵｵﾀﾜﾗｼ
092118,090000,矢板市,ﾔｲﾀｼ
092134,090000,那須塩原市,ﾅｽｼｵﾊﾞﾗｼ
092142,090000,さくら市,ｻｸﾗｼ
092151,090000,那須烏山市,ﾅｽｶﾗｽﾔﾏｼ
092169,090000,下野市,ｼﾓﾂｹｼ
093017,090000,上三川町,ｶﾐﾉｶﾜﾏﾁ
093424,090000,益子町,ﾏｼｺﾏﾁ
093432,090000,茂木町,ﾓﾃｷﾞﾏﾁ
093441,090000,市貝町,ｲﾁｶｲﾏﾁ
093459,090000,芳賀町,ﾊｶﾞﾏﾁ
093611,090000,壬生町,ﾐﾌﾞﾏﾁ
093645,090000,野木町,ﾉｷﾞﾏﾁ
093840,090000,塩谷町,ｼｵﾔﾏﾁ
093866,090000,高根沢町,ﾀｶﾈｻﾞﾜﾏﾁ
094072,090000,那須町,ﾅｽﾏﾁ
094111,090000,那珂川町,ﾅｶｶﾞﾜﾏﾁ
102016,100005,前橋市,ﾏｴﾊﾞｼｼ
102024,100005,高崎市,ﾀｶｻｷｼ
102032,100005,桐生市,ｷﾘｭｳｼ
102041,100005,伊勢崎市,ｲｾｻｷｼ
102059,100005,太田市,ｵｵﾀｼ
102067,100005,沼田市,ﾇﾏﾀｼ
102075,100005,館林市,ﾀﾃﾊﾞﾔｼｼ
102083,100005,渋川市,ｼﾌﾞｶﾜｼ
102091,100005,藤岡市,ﾌｼﾞｵｶｼ
102105,100005,富岡市,ﾄﾐｵｶｼ
102113,100005,安中市,ｱﾝﾅｶｼ
102121,100005,みどり市,ﾐﾄﾞﾘｼ
103446,100005,榛東村,ｼﾝﾄｳﾑﾗ
103454,100005,吉岡町,ﾖｼｵｶﾏﾁ
103667,100005,上野村,ｳｴﾉﾑﾗ
103675,100005,神流町,ｶﾝﾅﾏﾁ
103829,100005,下仁田町,ｼﾓﾆﾀﾏﾁ
103837,100005,南牧村,ﾅﾝﾓｸﾑﾗ
103845,100005,甘楽町,ｶﾝﾗﾏﾁ
104213,100005,中之条町,ﾅｶﾉｼﾞﾖｳﾏﾁ
104248,100005,長野原町,ﾅｶﾞﾉﾊﾗﾏﾁ
104256,100005,嬬恋村,ﾂﾏｺﾞｲﾑﾗ
104264,100005,草津町,ｸｻﾂﾏﾁ
104281,100005,高山村,ﾀｶﾔﾏﾑﾗ
104299,100005,東吾妻町,ﾋｶﾞｼｱｶﾞﾂﾏﾏﾁ
104434,100005,片品村,ｶﾀｼﾅﾑﾗ
104442,100005,川場村,ｶﾜﾊﾞﾑﾗ
104485,100005,昭和村,ｼｮｳﾜﾑﾗ
104493,100005,みなかみ町,ﾐﾅｶﾐﾏﾁ
104647,100005,玉村町,ﾀﾏﾑﾗﾏﾁ
105210,100005,板倉町,ｲﾀｸﾗﾏﾁ
105228,100005,明和町,ﾒｲﾜﾏﾁ
105236,100005,千代田町,ﾁﾖﾀﾞﾏﾁ
105244,100005,大泉町,ｵｵｲｽﾞﾐﾏﾁ
105252,100005,邑楽町,ｵｳﾗﾏﾁ
111007,110001,さいたま市,ｻｲﾀﾏｼ
112011,110001,川越市,ｶﾜｺﾞｴｼ
112020,110001,熊谷市,ｸﾏｶﾞﾔｼ
112038,110001,川口市,ｶﾜｸﾞﾁｼ
112062,110001,行田市,ｷﾞﾖｳﾀﾞｼ
112071,110001,秩父市,ﾁﾁﾌﾞｼ
112089,110001,所沢市,ﾄｺﾛｻﾞﾜｼ
112097,110001,飯能市,ﾊﾝﾉｳｼ
112101,110001,加須市,ｶｿﾞｼ
112119,110001,本庄市,ﾎﾝｼﾞﾖｳｼ
112127,110001,東松山市,ﾋｶﾞｼﾏﾂﾔﾏｼ
112143,110001,春日部市,ｶｽｶﾍﾞｼ
112151,110001,狭山市,ｻﾔﾏｼ
112160,110001,羽生市,ﾊﾆﾕｳｼ
112178,110001,鴻巣市,ｺｳﾉｽｼ
112186,110001,深谷市,ﾌｶﾔｼ
112194,110001,上尾市,ｱｹﾞｵｼ
112216,110001,草加市,ｿｳｶｼ
112224,110001,越谷市,ｺｼｶﾞﾔｼ
112232,110001,蕨市,ﾜﾗﾋﾞｼ
112241,110001,戸田市,ﾄﾀﾞｼ
112259,110001,入間市,ｲﾙﾏｼ
112275,110001,朝霞市,ｱｻｶｼ
112283,110001,志木市,ｼｷｼ
112291,110001,和光市,ﾜｺｳｼ
112305,110001,新座市,ﾆｲｻﾞｼ
112313,110001,桶川市,ｵｹｶﾞﾜｼ
112321,110001,久喜市,ｸｷｼ
112330,110001,北本市,ｷﾀﾓﾄｼ
112348,110001,八潮市,ﾔｼｵｼ
112356,110001,富士見市,ﾌｼﾞﾐｼ
112372,110001,三郷市,ﾐｻﾄｼ
112381,110001,蓮田市,ﾊｽﾀﾞｼ
112399,110001,坂戸市,ｻｶﾄﾞｼ
112402,110001,幸手市,ｻｯﾃｼ
112411,110001,鶴ヶ島市,ﾂﾙｶﾞｼﾏｼ
112429,110001,日高市,ﾋﾀﾞｶｼ
112437,110001,吉川市,ﾖｼｶﾜｼ
112453,110001,ふじみ野市,ﾌｼﾞﾐﾉｼ
112461,110001,白岡市,ｼﾗｵｶｼ
113018,110001,伊奈町,ｲﾅﾏﾁ
113247,110001,三芳町,ﾐﾖｼﾏﾁ
113263,110001,毛呂山町,ﾓﾛﾔﾏﾏﾁ
113271,110001,越生町,ｵｺﾞｾﾏﾁ
113417,110001,滑川町,ﾅﾒｶﾞﾜﾏﾁ
113425,110001,嵐山町,ﾗﾝｻﾞﾝﾏﾁ
113433,110001,小川町,ｵｶﾞﾜﾏﾁ
113468,110001,川島町,ｶﾜｼﾞﾏﾏﾁ
113476,110001,吉見町,ﾖｼﾐﾏﾁ
113484,110001,鳩山町,ﾊﾄﾔﾏﾏﾁ
113492,110001,ときがわ町,ﾄｷｶﾞﾜﾏﾁ
113611,110001,横瀬町,ﾖｺｾﾞﾏﾁ
113620,110001,皆野町,ﾐﾅﾉﾏﾁ
113638,110001,長瀞町,ﾅｶﾞﾄﾛﾏﾁ
113654,110001,小鹿野町,ｵｶﾞﾉﾏﾁ
113697,110001,東秩父村,ﾋｶﾞｼﾁﾁﾌﾞﾑﾗ
113816,110001,美里町,ﾐｻﾄﾏﾁ
113832,110001,神川町,ｶﾐｶﾜﾏﾁ
113859,110001,上里町,ｶﾐｻﾄﾏﾁ
114081,110001,寄居町,ﾖﾘｲﾏﾁ
114421,110001,宮代町,ﾐﾔｼﾛﾏﾁ
114642,110001,杉戸町,ｽｷﾞﾄﾏﾁ
114651,110001,松伏町,ﾏﾂﾌﾞｼﾏﾁ
121002,120006,千葉市,ﾁﾊﾞｼ
122025,120006,銚子市,ﾁｮｳｼｼ
122033,120006,市川市,ｲﾁｶﾜｼ
122041,120006,船橋市,ﾌﾅﾊﾞｼｼ
122050,120006,館山市,ﾀﾃﾔﾏｼ
122068,120006,木更津市,ｷｻﾗﾂﾞｼ
122076,120006,松戸市,ﾏﾂﾄﾞｼ
122084,120006,野田市,ﾉﾀﾞｼ
122106,120006,茂原市,ﾓﾊﾞﾗｼ
122114,120006,成田市,ﾅﾘﾀｼ
122122,120006,佐倉市,ｻｸﾗｼ
122131,120006,東金市,ﾄｳｶﾞﾈｼ
122157,120006,旭市,ｱｻﾋｼ
122165,120006,習志野市,ﾅﾗｼﾉｼ
122173,120006,柏市,ｶｼﾜｼ
122181,120006,勝浦市,ｶﾂｳﾗｼ
122190,120006,市原市,ｲﾁﾊﾗｼ
122203,120006,流山市,ﾅｶﾞﾚﾔﾏｼ
122211,120006,八千代市,ﾔﾁﾖｼ
122220,120006,我孫子市,ｱﾋﾞｺｼ
122238,120006,鴨川市,ｶﾓｶﾞﾜｼ
122246,120006,鎌ケ谷市,ｶﾏｶﾞﾔｼ
122254,120006,君津市,ｷﾐﾂｼ
122262,120006,富津市,ﾌｯﾂｼ
122271,120006,浦安市,ｳﾗﾔｽｼ
122289,120006,四街道市,ﾖﾂｶｲﾄﾞｳｼ
122297,120006,袖ケ浦市,ｿﾃﾞｶﾞｳﾗｼ
122301,120006,八街市,ﾔﾁﾏﾀｼ
122319,120006,印西市,ｲﾝｻﾞｲｼ
122327,120006,白井市,ｼﾛｲｼ
122335,120006,富里市,ﾄﾐｻﾄｼ
122343,120006,南房総市,ﾐﾅﾐﾎﾞｳｿｳｼ
122351,120006,匝瑳市,ｿｳｻｼ
122360,120006,香取市,ｶﾄﾘｼ
122378,120006,山武市,ｻﾝﾑｼ
122386,120006,いすみ市,ｲｽﾐｼ
122394,120006,大網白里市,ｵｵｱﾐｼﾗｻﾄｼ
123226,120006,酒々井町,ｼｽｲﾏﾁ
123293,120006,栄町,ｻｶｴﾏﾁ
123421,120006,神崎町,ｺｳｻﾞｷﾏﾁ
123471,120006,多古町,ﾀｺﾏﾁ
123498,120006,東庄町,ﾄｳﾉｼｮｳﾏﾁ
124036,120006,九十九里町,ｸｼﾞﾕｳｸﾘﾏﾁ
124095,120006,芝山町,ｼﾊﾞﾔﾏﾏﾁ
124109,120006,横芝光町,ﾖｺｼﾊﾞﾋｶﾘﾏﾁ
124214,120006,一宮町,ｲﾁﾉﾐﾔﾏﾁ
124222,120006,睦沢町,ﾑﾂｻﾞﾜﾏﾁ
124231,120006,長生村,ﾁｮｳｾｲﾑﾗ
124249,120006,白子町,ｼﾗｺﾏﾁ
124265,120006,長柄町,ﾅｶﾞﾗﾏﾁ
124273,120006,長南町,ﾁｮｳﾅﾝﾏﾁ
124419,120006,大多喜町,ｵｵﾀｷﾏﾁ
124435,120006,御宿町,ｵﾝｼﾞﾕｸﾏﾁ
124630,120006,鋸南町,ｷﾖﾅﾝﾏﾁ
131016,130001,千代田区,ﾁﾖﾀﾞｸ
131024,130001,中央区,ﾁｭｳｵｳｸ
131032,130001,港区,ﾐﾅﾄｸ
131041,130001,新宿区,ｼﾝｼﾞｭｸｸ
131059,130001,文京区,ﾌﾞﾝｷｮｳｸ
131067,130001,台東区,ﾀｲﾄｳｸ
131075,130001,墨田区,ｽﾐﾀﾞｸ
131083,130001,江東区,ｺｳﾄｳｸ
131091,130001,品川区,ｼﾅｶﾞﾜｸ
131105,130001,目黒区,ﾒｸﾞﾛｸ
131113,130001,大田区,ｵｵﾀｸ
131121,130001,世田谷区,ｾﾀｶﾞﾔｸ
131130,130001,渋谷区,ｼﾌﾞﾔｸ
131148,130001,中野区,ﾅｶﾉｸ
131156,130001,杉並区,ｽｷﾞﾅﾐｸ
131164,130001,豊島区,ﾄｼﾏｸ
131172,130001,北区,ｷﾀｸ
131181,130001,荒川区,ｱﾗｶﾜｸ
131199,130001,板橋区,ｲﾀﾊﾞｼｸ
131202,130001,練馬区,ﾈﾘﾏｸ
131211,130001,足立区,ｱﾀﾞﾁｸ
131229,130001,葛飾区,ｶﾂｼｶｸ
131237,130001,江戸川区,ｴﾄﾞｶﾞﾜｸ
132012,130001,八王子市,ﾊﾁｵｳｼﾞｼ
132021,130001,立川市,ﾀﾁｶﾜｼ
132039,130001,武蔵野市,ﾑｻｼﾉｼ
132047,130001,三鷹市,ﾐﾀｶｼ
132055,130001,青梅市,ｵｳﾒｼ
132063,130001,府中市,ﾌﾁｭｳｼ
132071,130001,昭島市,ｱｷｼﾏｼ
132080,130001,調布市,ﾁｮｳﾌｼ
132098,130001,町田市,ﾏﾁﾀﾞｼ
132101,130001,小金井市,ｺｶﾞﾈｲｼ
132110,130001,小平市,ｺﾀﾞｲﾗｼ
132128,130001,日野市,ﾋﾉｼ
132136,130001,東村山市,ﾋｶﾞｼﾑﾗﾔﾏｼ
132144,130001,国分寺市,ｺｸﾌﾞﾝｼﾞｼ
132152,130001,国立市,ｸﾆﾀﾁｼ
132187,130001,福生市,ﾌｯｻｼ
132195,130001,狛江市,ｺﾏｴｼ
132209,130001,東大和市,ﾋｶﾞｼﾔﾏﾄｼ
132217,130001,清瀬市,ｷﾖｾｼ
132225,130001,東久留米市,ﾋｶﾞｼｸﾙﾒｼ
132233,130001,武蔵村山市,ﾑｻｼﾑﾗﾔﾏｼ
132241,130001,多摩市,ﾀﾏｼ
132250,130001,稲城市,ｲﾅｷﾞｼ
132276,130001,羽村市,ﾊﾑﾗｼ
132284,130001,あきる野市,ｱｷﾙﾉｼ
132292,130001,西東京市,ﾆｼﾄｳｷｮｳｼ
133035,130001,瑞穂町,ﾐｽﾞﾎﾏﾁ
133051,130001,日の出町,ﾋﾉﾃﾞﾏﾁ
133078,130001,檜原村,ﾋﾉﾊﾗﾑﾗ
133086,130001,奥多摩町,ｵｸﾀﾏﾏﾁ
133612,130001,大島町,ｵｵｼﾏﾏﾁ
133621,130001,利島村,ﾄｼﾏﾑﾗ
133639,130001,新島村,ﾆｲｼﾞﾏﾑﾗ
133647,130001,神津島村,ｺｳﾂﾞｼﾏﾑﾗ
133817,130001,三宅村,ﾐﾔｹﾑﾗ
133825,130001,御蔵島村,ﾐｸﾗｼﾞﾏﾑﾗ
134015,130001,八丈町,ﾊﾁｼﾞｮｳﾏﾁ
134023,130001,青ヶ島村,ｱｵｶﾞｼﾏﾑﾗ
134210,130001,小笠原村,ｵｶﾞｻﾜﾗﾑﾗ
141003,140007,横浜市,ﾖｺﾊﾏｼ
141305,140007,川崎市,ｶﾜｻｷｼ
141500,140007,相模原市,ｻｶﾞﾐﾊﾗｼ
142018,140007,横須賀市,ﾖｺｽｶｼ
142034,140007,平塚市,ﾋﾗﾂｶｼ
142042,140007,鎌倉市,ｶﾏｸﾗｼ
142051,140007,藤沢市,ﾌｼﾞｻﾜｼ
142069,140007,小田原市,ｵﾀﾞﾜﾗｼ
142077,140007,茅ヶ崎市,ﾁｶﾞｻｷｼ
142085,140007,逗子市,ｽﾞｼｼ
142107,140007,三浦市,ﾐｳﾗｼ
142115,140007,秦野市,ﾊﾀﾞﾉｼ
142123,140007,厚木市,ｱﾂｷﾞｼ
142131,140007,大和市,ﾔﾏﾄｼ
142140,140007,伊勢原市,ｲｾﾊﾗｼ
142158,140007,海老名市,ｴﾋﾞﾅｼ
142166,140007,座間市,ｻﾞﾏｼ
142174,140007,南足柄市,ﾐﾅﾐｱｼｶﾞﾗｼ
142182,140007,綾瀬市,ｱﾔｾｼ
143014,140007,葉山町,ﾊﾔﾏﾏﾁ
143219,140007,寒川町,ｻﾑｶﾜﾏﾁ
143413,140007,大磯町,ｵｵｲｿﾏﾁ
143421,140007,二宮町,ﾆﾉﾐﾔﾏﾁ
143618,140007,中井町,ﾅｶｲﾏﾁ
143626,140007,大井町,ｵｵｲﾏﾁ
143634,140007,松田町,ﾏﾂﾀﾞﾏﾁ
143642,140007,山北町,ﾔﾏｷﾀﾏﾁ
143669,140007,開成町,ｶｲｾｲﾏﾁ
143821,140007,箱根町,ﾊｺﾈﾏﾁ
143839,140007,真鶴町,ﾏﾅﾂﾙﾏﾁ
143847,140007,湯河原町,ﾕｶﾞﾜﾗﾏﾁ
144011,140007,愛川町,ｱｲｶﾜﾏﾁ
144029,140007,清川村,ｷﾖｶﾜﾑﾗ
151009,150002,新潟市,ﾆｲｶﾞﾀｼ
152021,150002,長岡市,ﾅｶﾞｵｶｼ
152048,150002,三条市,ｻﾝｼﾞｮｳｼ
152056,150002,柏崎市,ｶｼﾜｻﾞｷｼ
152064,150002,新発田市,ｼﾊﾞﾀｼ
152081,150002,小千谷市,ｵﾁﾞﾔｼ
152099,150002,加茂市,ｶﾓｼ
152102,150002,十日町市,ﾄｵｶﾏﾁｼ
152111,150002,見附市,ﾐﾂｹｼ
152129,150002,村上市,ﾑﾗｶﾐｼ
152137,150002,燕市,ﾂﾊﾞﾒｼ
152161,150002,糸魚川市,ｲﾄｲｶﾞﾜｼ
152170,150002,妙高市,ﾐｮｳｺｳｼ
152188,150002,五泉市,ｺﾞｾﾝｼ
152226,150002,上越市,ｼﾞｮｳｴﾂｼ
152234,150002,阿賀野市,ｱｶﾞﾉｼ
152242,150002,佐渡市,ｻﾄﾞｼ
152251,150002,魚沼市,ｳｵﾇﾏｼ
152269,150002,南魚沼市,ﾐﾅﾐｳｵﾇﾏｼ
152277,150002,胎内市,ﾀｲﾅｲｼ
153079,150002,聖籠町,ｾｲﾛｳﾏﾁ
153427,150002,弥彦村,ﾔﾋｺﾑﾗ
153613,150002,田上町,ﾀｶﾞﾐﾏﾁ
153851,150002,阿賀町,ｱｶﾞﾏﾁ
154059,150002,出雲崎町,ｲｽﾞﾓｻﾞｷﾏﾁ
154610,150002,湯沢町,ﾕｻﾞﾜﾏﾁ
154822,150002,津南町,ﾂﾅﾝﾏﾁ
155047,150002,刈羽村,ｶﾘﾜﾑﾗ
155811,150002,関川村,ｾｷｶﾜﾑﾗ
155861,150002,粟島浦村,ｱﾜｼﾏｳﾗﾑﾗ
162019,160008,富山市,ﾄﾔﾏｼ
162027,160008,高岡市,ﾀｶｵｶｼ
162043,160008,魚津市,ｳｵﾂﾞｼ
162051,160008,氷見市,ﾋﾐｼ
162060,160008,滑川市,ﾅﾒﾘｶﾜｼ
162078,160008,黒部市,ｸﾛﾍﾞｼ
162086,160008,砺波市,ﾄﾅﾐｼ
162094,160008,小矢部市,ｵﾔﾍﾞｼ
162108,160008,南砺市,ﾅﾝﾄｼ
162116,160008,射水市,ｲﾐｽﾞｼ
163210,160008,舟橋村,ﾌﾅﾊｼﾑﾗ
163228,160008,上市町,ｶﾐｲﾁﾏﾁ
163236,160008,立山町,ﾀﾃﾔﾏﾏﾁ
163422,160008,入善町,ﾆｭｳｾﾞﾝﾏﾁ
163431,160008,朝日町,ｱｻﾋﾏﾁ
172014,170003,金沢市,ｶﾅｻﾞﾜｼ
172022,170003,七尾市,ﾅﾅｵｼ
172031,170003,小松市,ｺﾏﾂｼ
172049,170003,輪島市,ﾜｼﾞﾏｼ
172057,170003,珠洲市,ｽｽﾞｼ
172065,170003,加賀市,ｶｶﾞｼ
172073,170003,羽咋市,ﾊｸｲｼ
172090,170003,かほく市,ｶﾎｸｼ
172103,170003,白山市,ﾊｸｻﾝｼ
172111,170003,能美市,ﾉﾐｼ
172120,170003,野々市市,ﾉﾉｲﾁｼ
173240,170003,川北町,ｶﾜｷﾀﾏﾁ
173614,170003,津幡町,ﾂﾊﾞﾀﾏﾁ
173657,170003,内灘町,ｳﾁﾅﾀﾞﾏﾁ
173843,170003,志賀町,ｼｶﾏﾁ
173860,170003,宝達志水町,ﾎｳﾀﾞﾂｼﾐｽﾞﾁｮｳ
174076,170003,中能登町,ﾅｶﾉﾄﾏﾁ
174611,170003,穴水町,ｱﾅﾐｽﾞﾏﾁ
174637,170003,能登町,ﾉﾄﾁｮｳ
182010,180009,福井市,ﾌｸｲｼ
182028,180009,敦賀市,ﾂﾙｶﾞｼ
182044,180009,小浜市,ｵﾊﾞﾏｼ
182052,180009,大野市,ｵｵﾉｼ
182061,180009,勝山市,ｶﾂﾔﾏｼ
182079,180009,鯖江市,ｻﾊﾞｴｼ
182087,180009,あわら市,ｱﾜﾗｼ
182095,180009,越前市,ｴﾁｾﾞﾝｼ
182109,180009,坂井市,ｻｶｲｼ
183229,180009,永平寺町,ｴｲﾍｲｼﾞﾁｮｳ
183822,180009,池田町,ｲｹﾀﾞﾁｮｳ
184047,180009,南越前町,ﾐﾅﾐｴﾁｾﾞﾝﾁｮｳ
184233,180009,越前町,ｴﾁｾﾞﾝﾁｮｳ
184420,180009,美浜町,ﾐﾊﾏﾁｮｳ
184811,180009,高浜町,ﾀｶﾊﾏﾁｮｳ
184837,180009,おおい町,ｵｵｲﾁｮｳ
185019,180009,若狭町,ﾜｶｻﾁｮｳ
192015,190004,甲府市,ｺｳﾌｼ
192023,190004,富士吉田市,ﾌｼﾞﾖｼﾀﾞｼ
192040,190004,都留市,ﾂﾙｼ
192058,190004,山梨市,ﾔﾏﾅｼｼ
192066,190004,大月市,ｵｵﾂｷｼ
192074,190004,韮崎市,ﾆﾗｻｷｼ
192082,190004,南アルプス市,ﾐﾅﾐｱﾙﾌﾟｽｼ
192091,190004,北杜市,ﾎｸﾄｼ
192104,190004,甲斐市,ｶｲｼ
192112,190004,笛吹市,ﾌｴﾌｷｼ
192121,190004,上野原市,ｳｴﾉﾊﾗｼ
192139,190004,甲州市,ｺｳｼｭｳｼ
192147,190004,中央市,ﾁｭｳｵｳｼ
193461,190004,市川三郷町,ｲﾁｶﾜﾐｻﾄﾁｮｳ
193640,190004,早川町,ﾊﾔｶﾜﾁｮｳ
193658,190004,身延町,ﾐﾉﾌﾞﾁｮｳ
193666,190004,南部町,ﾅﾝﾌﾞﾁｮｳ
193682,190004,富士川町,ﾌｼﾞｶﾜﾁｮｳ
193844,190004,昭和町,ｼｮｳﾜﾁｮｳ
194221,190004,道志村,ﾄﾞｳｼﾑﾗ
194239,190004,西桂町,ﾆｼｶﾂﾗﾁｮｳ
194247,190004,忍野村,ｵｼﾉﾑﾗ
194255,190004,山中湖村,ﾔﾏﾅｶｺﾑﾗ
194298,190004,鳴沢村,ﾅﾙｻﾜﾑﾗ
194301,190004,富士河口湖町,ﾌｼﾞｶﾜｸﾞﾁｺﾏﾁ
194425,190004,小菅村,ｺｽｹﾞﾑﾗ
194433,190004,丹波山村,ﾀﾊﾞﾔﾏﾑﾗ
202011,200000,長野市,ﾅｶﾞﾉｼ
202029,200000,松本市,ﾏﾂﾓﾄｼ
202037,200000,上田市,ｳｴﾀﾞｼ
202045,200000,岡谷市,ｵｶﾔｼ
202053,200000,飯田市,ｲｲﾀﾞｼ
202061,200000,諏訪市,ｽﾜｼ
202070,200000,須坂市,ｽｻﾞｶｼ
202088,200000,小諸市,ｺﾓﾛｼ
202096,200000,伊那市,ｲﾅｼ
202100,200000,駒ヶ根市,ｺﾏｶﾞﾈｼ
202118,200000,中野市,ﾅｶﾉｼ
202126,200000,大町市,ｵｵﾏﾁｼ
202134,200000,飯山市,ｲｲﾔﾏｼ
202142,200000,茅野市,ﾁﾉｼ
202151,200000,塩尻市,ｼｵｼﾞﾘｼ
202177,200000,佐久市,ｻｸｼ
202185,200000,千曲市,ﾁｸﾏｼ
202193,200000,東御市,ﾄｳﾐｼ
202207,200000,安曇野市,ｱﾂﾞﾐﾉｼ
203033,200000,小海町,ｺｳﾐﾏﾁ
203041,200000,川上村,ｶﾜｶﾐﾑﾗ
203050,200000,南牧村,ﾐﾅﾐﾏｷﾑﾗ
203068,200000,南相木村,ﾐﾅﾐｱｲｷﾑﾗ
203076,200000,北相木村,ｷﾀｱｲｷﾑﾗ
203092,200000,佐久穂町,ｻｸﾎﾏﾁ
203211,200000,軽井沢町,ｶﾙｲｻﾞﾜﾏﾁ
203238,200000,御代田町,ﾐﾖﾀﾏﾁ
203246,200000,立科町,ﾀﾃｼﾅﾏﾁ
203491,200000,青木村,ｱｵｷﾑﾗ
203505,200000,長和町,ﾅｶﾞﾜﾏﾁ
203611,200000,下諏訪町,ｼﾓｽﾜﾏﾁ
203629,200000,富士見町,ﾌｼﾞﾐﾏﾁ
203637,200000,原村,ﾊﾗﾑﾗ
203823,200000,辰野町,ﾀﾂﾉﾏﾁ
203831,200000,箕輪町,ﾐﾉﾜﾏﾁ
203840,200000,飯島町,ｲｲｼﾞﾏﾏﾁ
203858,200000,南箕輪村,ﾐﾅﾐﾐﾉﾜﾑﾗ
203866,200000,中川村,ﾅｶｶﾞﾜﾑﾗ
203882,200000,宮田村,ﾐﾔﾀﾞﾑﾗ
204021,200000,松川町,ﾏﾂｶﾜﾏﾁ
204030,200000,高森町,ﾀｶﾓﾘﾏﾁ
204048,200000,阿南町,ｱﾅﾝﾁｮｳ
204072,200000,阿智村,ｱﾁﾑﾗ
204099,200000,平谷村,ﾋﾗﾔﾑﾗ
204102,200000,根羽村,ﾈﾊﾞﾑﾗ
204111,200000,下條村,ｼﾓｼﾞｮｳﾑﾗ
204129,200000,売木村,ｳﾙｷﾞﾑﾗ
204137,200000,天龍村,ﾃﾝﾘｭｳﾑﾗ
204145,200000,泰阜村,ﾔｽｵｶﾑﾗ
204153,200000,喬木村,ﾀｶｷﾞﾑﾗ
204161,200000,豊丘村,ﾄﾖｵｶﾑﾗ
204170,200000,大鹿村,ｵｵｼｶﾑﾗ
204226,200000,上松町,ｱｹﾞﾏﾂﾏﾁ
204234,200000,南木曽町,ﾅｷﾞｿﾏﾁ
204251,200000,木祖村,ｷｿﾑﾗ
204293,200000,王滝村,ｵｳﾀｷﾑﾗ
204307,200000,大桑村,ｵｵｸﾜﾑﾗ
204323,200000,木曽町,ｷｿﾏﾁ
204463,200000,麻績村,ｵﾐﾑﾗ
204480,200000,生坂村,ｲｸｻｶﾑﾗ
204501,200000,山形村,ﾔﾏｶﾞﾀﾑﾗ
204510,200000,朝日村,ｱｻﾋﾑﾗ
204528,200000,筑北村,ﾁｸﾎｸﾑﾗ
204811,200000,池田町,ｲｹﾀﾞﾏﾁ
204820,200000,松川村,ﾏﾂｶﾜﾑﾗ
204854,200000,白馬村,ﾊｸﾊﾞﾑﾗ
204862,200000,小谷村,ｵﾀﾘﾑﾗ
205214,200000,坂城町,ｻｶｷﾏﾁ
205419,200000,小布施町,ｵﾌﾞｾﾏﾁ
205435,200000,高山村,ﾀｶﾔﾏﾑﾗ
205613,200000,山ノ内町,ﾔﾏﾉｳﾁﾏﾁ
205621,200000,木島平村,ｷｼﾞﾏﾀﾞｲﾗﾑﾗ
205630,200000,野沢温泉村,ﾉｻﾞﾜｵﾝｾﾝﾑﾗ
205834,200000,信濃町,ｼﾅﾉﾏﾁ
205885,200000,小川村,ｵｶﾞﾜﾑﾗ
205907,200000,飯綱町,ｲｲﾂﾞﾅﾏﾁ
206024,200000,栄村,ｻｶｴﾑﾗ
212016,210005,岐阜市,ｷﾞﾌｼ
212024,210005,大垣市,ｵｵｶﾞｷｼ
212032,210005,高山市,ﾀｶﾔﾏｼ
212041,210005,多治見市,ﾀｼﾞﾐｼ
212059,210005,関市,ｾｷｼ
212067,210005,中津川市,ﾅｶﾂｶﾞﾜｼ
212075,210005,美濃市,ﾐﾉｼ
212083,210005,瑞浪市,ﾐｽﾞﾅﾐｼ
212091,210005,羽島市,ﾊｼﾏｼ
212105,210005,恵那市,ｴﾅｼ
212113,210005,美濃加茂市,ﾐﾉｶﾓｼ
212121,210005,土岐市,ﾄｷｼ
212130,210005,各務原市,ｶｶﾐｶﾞﾊﾗｼ
212148,210005,可児市,ｶﾆｼ
212156,210005,山県市,ﾔﾏｶﾞﾀｼ
212164,210005,瑞穂市,ﾐｽﾞﾎｼ
212172,210005,飛騨市,ﾋﾀﾞｼ
212181,210005,本巣市,ﾓﾄｽｼ
212199,210005,郡上市,ｸﾞｼﾞｮｳｼ
212202,210005,下呂市,ｹﾞﾛｼ
212211,210005,海津市,ｶｲﾂﾞｼ
213021,210005,岐南町,ｷﾞﾅﾝﾁｮｳ
213039,210005,笠松町,ｶｻﾏﾂﾁｮｳ
213411,210005,養老町,ﾖｳﾛｳﾁｮｳ
213616,210005,垂井町,ﾀﾙｲﾁｮｳ
213624,210005,関ケ原町,ｾｷｶﾞﾊﾗﾁｮｳ
213811,210005,神戸町,ｺﾞｳﾄﾞﾁｮｳ
213829,210005,輪之内町,ﾜﾉｳﾁﾁｮｳ
213837,210005,安八町,ｱﾝﾊﾟﾁﾁｮｳ
214019,210005,揖斐川町,ｲﾋﾞｶﾞﾜﾁｮｳ
214035,210005,大野町,ｵｵﾉﾁｮｳ
214043,210005,池田町,ｲｹﾀﾞﾁｮｳ
214213,210005,北方町,ｷﾀｶﾞﾀﾁｮｳ
215015,210005,坂祝町,ｻｶﾎｷﾞﾁｮｳ
215023,210005,富加町,ﾄﾐｶﾁｮｳ
215031,210005,川辺町,ｶﾜﾍﾞﾁｮｳ
215040,210005,七宗町,ﾋﾁｿｳﾁｮｳ
215058,210005,八百津町,ﾔｵﾂﾁｮｳ
215066,210005,白川町,ｼﾗｶﾜﾁｮｳ
215074,210005,東白川村,ﾋｶﾞｼｼﾗｶﾜﾑﾗ
215210,210005,御嵩町,ﾐﾀｹﾁｮｳ
216046,210005,白川村,ｼﾗｶﾜﾑﾗ
221007,220001,静岡市,ｼｽﾞｵｶｼ
221309,220001,浜松市,ﾊﾏﾏﾂｼ
222038,220001,沼津市,ﾇﾏﾂﾞｼ
222054,220001,熱海市,ｱﾀﾐｼ
222062,220001,三島市,ﾐｼﾏｼ
222071,220001,富士宮市,ﾌｼﾞﾉﾐﾔｼ
222089,220001,伊東市,ｲﾄｳｼ
222097,220001,島田市,ｼﾏﾀﾞｼ
222101,220001,富士市,ﾌｼﾞｼ
222119,220001,磐田市,ｲﾜﾀｼ
222127,220001,焼津市,ﾔｲﾂﾞｼ
222135,220001,掛川市,ｶｹｶﾞﾜｼ
222143,220001,藤枝市,ﾌｼﾞｴﾀﾞｼ
222151,220001,御殿場市,ｺﾞﾃﾝﾊﾞｼ
222160,220001,袋井市,ﾌｸﾛｲｼ
222194,220001,下田市,ｼﾓﾀﾞｼ
222208,220001,裾野市,ｽｿﾉｼ
222216,220001,湖西市,ｺｻｲｼ
222224,220001,伊豆市,ｲｽﾞｼ
222232,220001,御前崎市,ｵﾏｴｻﾞｷｼ
222241,220001,菊川市,ｷｸｶﾞﾜｼ
222259,220001,伊豆の国市,ｲｽﾞﾉｸﾆｼ
222267,220001,牧之原市,ﾏｷﾉﾊﾗｼ
223018,220001,東伊豆町,ﾋｶﾞｼｲｽﾞﾁｮｳ
223026,220001,河津町,ｶﾜﾂﾞﾁｮｳ
223042,220001,南伊豆町,ﾐﾅﾐｲｽﾞﾁｮｳ
223051,220001,松崎町,ﾏﾂｻﾞｷﾁｮｳ
223069,220001,西伊豆町,ﾆｼｲｽﾞﾁｮｳ
223255,220001,函南町,ｶﾝﾅﾐﾁｮｳ
223417,220001,清水町,ｼﾐｽﾞﾁｮｳ
223425,220001,長泉町,ﾅｶﾞｲｽﾞﾐﾁｮｳ
223441,220001,小山町,ｵﾔﾏﾁｮｳ
224243,220001,吉田町,ﾖｼﾀﾞﾁｮｳ
224294,220001,川根本町,ｶﾜﾈﾎﾝﾁｮｳ
224618,220001,森町,ﾓﾘﾏﾁ
231002,230006,名古屋市,ﾅｺﾞﾔｼ
232017,230006,豊橋市,ﾄﾖﾊｼｼ
232025,230006,岡崎市,ｵｶｻﾞｷｼ
232033,230006,一宮市,ｲﾁﾉﾐﾔｼ
232041,230006,瀬戸市,ｾﾄｼ
232050,230006,半田市,ﾊﾝﾀﾞｼ
232068,230006,春日井市,ｶｽｶﾞｲｼ
232076,230006,豊川市,ﾄﾖｶﾜｼ
232084,230006,津島市,ﾂｼﾏｼ
232092,230006,碧南市,ﾍｷﾅﾝｼ
232106,230006,刈谷市,ｶﾘﾔｼ
232114,230006,豊田市,ﾄﾖﾀｼ
232122,230006,安城市,ｱﾝｼﾞｮｳｼ
232131,230006,西尾市,ﾆｼｵｼ
232149,230006,蒲郡市,ｶﾞﾏｺﾞｵﾘｼ
232157,230006,犬山市,ｲﾇﾔﾏｼ
232165,230006,常滑市,ﾄｺﾅﾒｼ
232173,230006,江南市,ｺｳﾅﾝｼ
232190,230006,小牧市,ｺﾏｷｼ
232203,230006,稲沢市,ｲﾅｻﾞﾜｼ
232211,230006,新城市,ｼﾝｼﾛｼ
232220,230006,東海市,ﾄｳｶｲｼ
232238,230006,大府市,ｵｵﾌﾞｼ
232246,230006,知多市,ﾁﾀｼ
232254,230006,知立市,ﾁﾘｭｳｼ
232262,230006,尾張旭市,ｵﾜﾘｱｻﾋｼ
232271,230006,高浜市,ﾀｶﾊﾏｼ
232289,230006,岩倉市,ｲﾜｸﾗｼ
232297,230006,豊明市,ﾄﾖｱｹｼ
232301,230006,日進市,ﾆｯｼﾝｼ
232319,230006,田原市,ﾀﾊﾗｼ
232327,230006,愛西市,ｱｲｻｲｼ
232335,230006,清須市,ｷﾖｽｼ
232343,230006,北名古屋市,ｷﾀﾅｺﾞﾔｼ
232351,230006,弥富市,ﾔﾄﾐｼ
232360,230006,みよし市,ﾐﾖｼｼ
232378,230006,あま市,ｱﾏｼ
232386,230006,長久手市,ﾅｶﾞｸﾃｼ
233021,230006,東郷町,ﾄｳｺﾞｳﾁｮｳ
233421,230006,豊山町,ﾄﾖﾔﾏﾁｮｳ
233617,230006,大口町,ｵｵｸﾞﾁﾁｮｳ
233625,230006,扶桑町,ﾌｿｳﾁｮｳ
234249,230006,大治町,ｵｵﾊﾙﾁｮｳ
234257,230006,蟹江町,ｶﾆｴﾁｮｳ
234273,230006,飛島村,ﾄﾋﾞｼﾏﾑﾗ
234419,230006,阿久比町,ｱｸﾞｲﾁｮｳ
234427,230006,東浦町,ﾋｶﾞｼｳﾗﾁｮｳ
234451,230006,南知多町,ﾐﾅﾐﾁﾀﾁｮｳ
234460,230006,美浜町,ﾐﾊﾏﾁｮｳ
234478,230006,武豊町,ﾀｹﾄﾖﾁｮｳ
235016,230006,幸田町,ｺｳﾀﾁｮｳ
235610,230006,設楽町,ｼﾀﾗﾁｮｳ
235628,230006,東栄町,ﾄｳｴｲﾁｮｳ
235636,230006,豊根村,ﾄﾖﾈﾑﾗ
242012,240001,津市,ﾂｼ
242021,240001,四日市市,ﾖｯｶｲﾁｼ
242039,240001,伊勢市,ｲｾｼ
242047,240001,松阪市,ﾏﾂｻｶｼ
242055,240001,桑名市,ｸﾜﾅｼ
242071,240001,鈴鹿市,ｽｽﾞｶｼ
242080,240001,名張市,ﾅﾊﾞﾘｼ
242098,240001,尾鷲市,ｵﾜｾｼ
242101,240001,亀山市,ｶﾒﾔﾏｼ
242110,240001,鳥羽市,ﾄﾊﾞｼ
242128,240001,熊野市,ｸﾏﾉｼ
242144,240001,いなべ市,ｲﾅﾍﾞｼ
242152,240001,志摩市,ｼﾏｼ
242161,240001,伊賀市,ｲｶﾞｼ
243035,240001,木曽岬町,ｷｿｻｷﾁｮｳ
243248,240001,東員町,ﾄｳｲﾝﾁｮｳ
243418,240001,菰野町,ｺﾓﾉﾁｮｳ
243434,240001,朝日町,ｱｻﾋﾁｮｳ
243442,240001,川越町,ｶﾜｺﾞｴﾁｮｳ
244414,240001,多気町,ﾀｷﾁｮｳ
244422,240001,明和町,ﾒｲﾜﾁｮｳ
244431,240001,大台町,ｵｵﾀﾞｲﾁｮｳ
244619,240001,玉城町,ﾀﾏｷﾁｮｳ
244708,240001,度会町,ﾜﾀﾗｲﾁｮｳ
244716,240001,大紀町,ﾀｲｷﾁｮｳ
244724,240001,南伊勢町,ﾐﾅﾐｲｾﾁｮｳ
245437,240001,紀北町,ｷﾎｸﾁｮｳ
245615,240001,御浜町,ﾐﾊﾏﾁｮｳ
245623,240001,紀宝町,ｷﾎｳﾁｮｳ
252018,250007,大津市,ｵｵﾂｼ
252026,250007,彦根市,ﾋｺﾈｼ
252034,250007,長浜市,ﾅｶﾞﾊﾏｼ
252042,250007,近江八幡市,ｵｳﾐﾊﾁﾏﾝｼ
252069,250007,草津市,ｸｻﾂｼ
252077,250007,守山市,ﾓﾘﾔﾏｼ
252085,250007,栗東市,ﾘｯﾄｳｼ
252093,250007,甲賀市,ｺｳｶｼ
252107,250007,野洲市,ﾔｽｼ
252115,250007,湖南市,ｺﾅﾝｼ
252123,250007,高島市,ﾀｶｼﾏｼ
252131,250007,東近江市,ﾋｶﾞｼｵｳﾐｼ
252140,250007,米原市,ﾏｲﾊﾞﾗｼ
253839,250007,日野町,ﾋﾉﾁｮｳ
253847,250007,竜王町,ﾘﾕｳｵｳﾁｮｳ
254258,250007,愛荘町,ｱｲｼｮｳﾁｮｳ
254410,250007,豊郷町,ﾄﾖｻﾄﾁｮｳ
254428,250007,甲良町,ｺｳﾗﾁｮｳ
254436,250007,多賀町,ﾀｶﾞﾁｮｳ
261009,260002,京都市,ｷｮｳﾄｼ
262013,260002,福知山市,ﾌｸﾁﾔﾏｼ
262021,260002,舞鶴市,ﾏｲﾂﾞﾙｼ
262030,260002,綾部市,ｱﾔﾍﾞｼ
262048,260002,宇治市,ｳｼﾞｼ
262056,260002,宮津市,ﾐﾔﾂﾞｼ
262064,260002,亀岡市,ｶﾒｵｶｼ
262072,260002,城陽市,ｼﾞｮｳﾖｳｼ
262081,260002,向日市,ﾑｺｳｼ
262099,260002,長岡京市,ﾅｶﾞｵｶｷｮｳｼ
262102,260002,八幡市,ﾔﾜﾀｼ
262111,260002,京田辺市,ｷｮｳﾀﾅﾍﾞｼ
262129,260002,京丹後市,ｷｮｳﾀﾝｺﾞｼ
262137,260002,南丹市,ﾅﾝﾀﾝｼ
262145,260002,木津川市,ｷﾂﾞｶﾞﾜｼ
263036,260002,大山崎町,ｵｵﾔﾏｻﾞｷﾁｮｳ
263222,260002,久御山町,ｸﾐﾔﾏﾁｮｳ
263435,260002,井手町,ｲﾃﾞﾁｮｳ
263443,260002,宇治田原町,ｳｼﾞﾀﾜﾗﾁｮｳ
263648,260002,笠置町,ｶｻｷﾞﾁｮｳ
263656,260002,和束町,ﾜﾂﾞｶﾁｮｳ
263664,260002,精華町,ｾｲｶﾁｮｳ
263672,260002,南山城村,ﾐﾅﾐﾔﾏｼﾛﾑﾗ
264075,260002,京丹波町,ｷｮｳﾀﾝﾊﾞﾁｮｳ
264636,260002,伊根町,ｲﾈﾁｮｳ
264652,260002,与謝野町,ﾖｻﾉﾁｮｳ
271004,270008,大阪市,ｵｵｻｶｼ
271403,270008,堺市,ｻｶｲｼ
272027,270008,岸和田市,ｷｼﾜﾀﾞｼ
272035,270008,豊中市,ﾄﾖﾅｶｼ
272043,270008,池田市,ｲｹﾀﾞｼ
272051,270008,吹田市,ｽｲﾀｼ
272060,270008,泉大津市,ｲｽﾞﾐｵｵﾂｼ
272078,270008,高槻市,ﾀｶﾂｷｼ
272086,270008,貝塚市,ｶｲﾂﾞｶｼ
272094,270008,守口市,ﾓﾘｸﾞﾁｼ
272108,270008,枚方市,ﾋﾗｶﾀｼ
272116,270008,茨木市,ｲﾊﾞﾗｷｼ
272124,270008,八尾市,ﾔｵｼ
272132,270008,泉佐野市,ｲｽﾞﾐｻﾉｼ
272141,270008,富田林市,ﾄﾝﾀﾞﾊﾞﾔｼｼ
272159,270008,寝屋川市,ﾈﾔｶﾞﾜｼ
272167,270008,河内長野市,ｶﾜﾁﾅｶﾞﾉｼ
272175,270008,松原市,ﾏﾂﾊﾞﾗｼ
272183,270008,大東市,ﾀﾞｲﾄｳｼ
272191,270008,和泉市,ｲｽﾞﾐｼ
272205,270008,箕面市,ﾐﾉｵｼ
272213,270008,柏原市,ｶｼﾜﾗｼ
272221,270008,羽曳野市,ﾊﾋﾞｷﾉｼ
272230,270008,門真市,ｶﾄﾞﾏｼ
272248,270008,摂津市,ｾｯﾂｼ
272256,270008,高石市,ﾀｶｲｼｼ
272264,270008,藤井寺市,ﾌｼﾞｲﾃﾞﾗｼ
272272,270008,東大阪市,ﾋｶﾞｼｵｵｻｶｼ
272281,270008,泉南市,ｾﾝﾅﾝｼ
272299,270008,四條畷市,ｼｼﾞﾖｳﾅﾜﾃｼ
272302,270008,交野市,ｶﾀﾉｼ
272311,270008,大阪狭山市,ｵｵｻｶｻﾔﾏｼ
272329,270008,阪南市,ﾊﾝﾅﾝｼ
273015,270008,島本町,ｼﾏﾓﾄﾁｮｳ
273210,270008,豊能町,ﾄﾖﾉﾁｮｳ
273228,270008,能勢町,ﾉｾﾁｮｳ
273414,270008,忠岡町,ﾀﾀﾞｵｶﾁｮｳ
273619,270008,熊取町,ｸﾏﾄﾘﾁｮｳ
273627,270008,田尻町,ﾀｼﾞﾘﾁｮｳ
273660,270008,岬町,ﾐｻｷﾁｮｳ
273813,270008,太子町,ﾀｲｼﾁｮｳ
273821,270008,河南町,ｶﾅﾝﾁｮｳ
273830,270008,千早赤阪村,ﾁﾊﾔｱｶｻｶﾑﾗ
281000,280003,神戸市,ｺｳﾍﾞｼ
282014,280003,姫路市,ﾋﾒｼﾞｼ
282022,280003,尼崎市,ｱﾏｶﾞｻｷｼ
282031,280003,明石市,ｱｶｼｼ
282049,280003,西宮市,ﾆｼﾉﾐﾔｼ
282057,280003,洲本市,ｽﾓﾄｼ
282065,280003,芦屋市,ｱｼﾔｼ
282073,280003,伊丹市,ｲﾀﾐｼ
282081,280003,相生市,ｱｲｵｲｼ
282090,280003,豊岡市,ﾄﾖｵｶｼ
282103,280003,加古川市,ｶｺｶﾞﾜｼ
282120,280003,赤穂市,ｱｺｳｼ
282138,280003,西脇市,ﾆｼﾜｷｼ
282146,280003,宝塚市,ﾀｶﾗﾂﾞｶｼ
282154,280003,三木市,ﾐｷｼ
282162,280003,高砂市,ﾀｶｻｺﾞｼ
282171,280003,川西市,ｶﾜﾆｼｼ
282189,280003,小野市,ｵﾉｼ
282197,280003,三田市,ｻﾝﾀﾞｼ
282201,280003,加西市,ｶｻｲｼ
282219,280003,丹波篠山市,ﾀﾝﾊﾞｻｻﾔﾏｼ
282227,280003,養父市,ﾔﾌﾞｼ
282235,280003,丹波市,ﾀﾝﾊﾞｼ
282243,280003,南あわじ市,ﾐﾅﾐｱﾜｼﾞｼ
282251,280003,朝来市,ｱｻｺﾞｼ
282260,280003,淡路市,ｱﾜｼﾞｼ
282278,280003,宍粟市,ｼｿｳｼ
282286,280003,加東市,ｶﾄｳｼ
282294,280003,たつの市,ﾀﾂﾉｼ
283011,280003,猪名川町,ｲﾅｶﾞﾜﾁｮｳ
283657,280003,多可町,ﾀｶﾁｮｳ
283819,280003,稲美町,ｲﾅﾐﾁｮｳ
283827,280003,播磨町,ﾊﾘﾏﾁｮｳ
284424,280003,市川町,ｲﾁｶﾜﾁｮｳ
284432,280003,福崎町,ﾌｸｻｷﾁｮｳ
284467,280003,神河町,ｶﾐｶﾜﾁｮｳ
284645,280003,太子町,ﾀｲｼﾁｮｳ
284815,280003,上郡町,ｶﾐｺﾞｵﾘﾁｮｳ
285013,280003,佐用町,ｻﾖｳﾁｮｳ
285854,280003,香美町,ｶﾐﾁｮｳ
285862,280003,新温泉町,ｼﾝｵﾝｾﾝﾁｮｳ
292010,290009,奈良市,ﾅﾗｼ
292028,290009,大和高田市,ﾔﾏﾄﾀｶﾀﾞｼ
292036,290009,大和郡山市,ﾔﾏﾄｺｵﾘﾔﾏｼ
292044,290009,天理市,ﾃﾝﾘｼ
292052,290009,橿原市,ｶｼﾊﾗｼ
292061,290009,桜井市,ｻｸﾗｲｼ
292079,290009,五條市,ｺﾞｼﾞｮｳｼ
292087,290009,御所市,ｺﾞｾｼ
292095,290009,生駒市,ｲｺﾏｼ
292109,290009,香芝市,ｶｼﾊﾞｼ
292117,290009,葛城市,ｶﾂﾗｷﾞｼ
292125,290009,宇陀市,ｳﾀﾞｼ
293229,290009,山添村,ﾔﾏｿﾞｴﾑﾗ
293423,290009,平群町,ﾍｸﾞﾘﾁｮｳ
293431,290009,三郷町,ｻﾝｺﾞｳﾁｮｳ
293440,290009,斑鳩町,ｲｶﾙｶﾞﾁｮｳ
293458,290009,安堵町,ｱﾝﾄﾞﾁｮｳ
293610,290009,川西町,ｶﾜﾆｼﾁｮｳ
293628,290009,三宅町,ﾐﾔｹﾁｮｳ
293636,290009,田原本町,ﾀﾜﾗﾓﾄﾁｮｳ
293857,290009,曽爾村,ｿﾆﾑﾗ
293865,290009,御杖村,ﾐﾂｴﾑﾗ
294012,290009,高取町,ﾀｶﾄﾘﾁｮｳ
294021,290009,明日香村,ｱｽｶﾑﾗ
294241,290009,上牧町,ｶﾝﾏｷﾁｮｳ
294250,290009,王寺町,ｵｳｼﾞﾁｮｳ
294268,290009,広陵町,ｺｳﾘﾖｳﾁｮｳ
294276,290009,河合町,ｶﾜｲﾁｮｳ
294411,290009,吉野町,ﾖｼﾉﾁｮｳ
294420,290009,大淀町,ｵｵﾖﾄﾞﾁｮｳ
294438,290009,下市町,ｼﾓｲﾁﾁｮｳ
294446,290009,黒滝村,ｸﾛﾀｷﾑﾗ
294462,290009,天川村,ﾃﾝｶﾜﾑﾗ
294471,290009,野迫川村,ﾉｾｶﾞﾜﾑﾗ
294497,290009,十津川村,ﾄﾂｶﾜﾑﾗ
294501,290009,下北山村,ｼﾓｷﾀﾔﾏﾑﾗ
294519,290009,上北山村,ｶﾐｷﾀﾔﾏﾑﾗ
294527,290009,川上村,ｶﾜｶﾐﾑﾗ
294535,290009,東吉野村,ﾋｶﾞｼﾖｼﾉﾑﾗ
302015,300004,和歌山市,ﾜｶﾔﾏｼ
302023,300004,海南市,ｶｲﾅﾝｼ
302031,300004,橋本市,ﾊｼﾓﾄｼ
302040,300004,有田市,ｱﾘﾀﾞｼ
302058,300004,御坊市,ｺﾞﾎﾞｳｼ
302066,300004,田辺市,ﾀﾅﾍﾞｼ
302074,300004,新宮市,ｼﾝｸﾞｳｼ
302082,300004,紀の川市,ｷﾉｶﾜｼ
302091,300004,岩出市,ｲﾜﾃﾞｼ
303046,300004,紀美野町,ｷﾐﾉﾁｮｳ
303411,300004,かつらぎ町,ｶﾂﾗｷﾞﾁｮｳ
303437,300004,九度山町,ｸﾄﾞﾔﾏﾁｮｳ
303445,300004,高野町,ｺｳﾔﾁｮｳ
303615,300004,湯浅町,ﾕｱｻﾁｮｳ
303623,300004,広川町,ﾋﾛｶﾞﾜﾁｮｳ
303666,300004,有田川町,ｱﾘﾀﾞｶﾞﾜﾁｮｳ
303810,300004,美浜町,ﾐﾊﾏﾁｮｳ
303828,300004,日高町,ﾋﾀﾞｶﾁｮｳ
303836,300004,由良町,ﾕﾗﾁｮｳ
303909,300004,印南町,ｲﾅﾐﾁｮｳ
303917,300004,みなべ町,ﾐﾅﾍﾞﾁｮｳ
303925,300004,日高川町,ﾋﾀﾞｶｶﾞﾜﾁｮｳ
304018,300004,白浜町,ｼﾗﾊﾏﾁｮｳ
304042,300004,上富田町,ｶﾐﾄﾝﾀﾞﾁｮｳ
304069,300004,すさみ町,ｽｻﾐﾁｮｳ
304212,300004,那智勝浦町,ﾅﾁｶﾂｳﾗﾁｮｳ
304221,300004,太地町,ﾀｲｼﾞﾁｮｳ
304247,300004,古座川町,ｺｻﾞｶﾞﾜﾁｮｳ
304271,300004,北山村,ｷﾀﾔﾏﾑﾗ
304280,300004,串本町,ｸｼﾓﾄﾁｮｳ
312011,310000,鳥取市,ﾄｯﾄﾘｼ
312029,310000,米子市,ﾖﾅｺﾞｼ
312037,310000,倉吉市,ｸﾗﾖｼｼ
312045,310000,境港市,ｻｶｲﾐﾅﾄｼ
313025,310000,岩美町,ｲﾜﾐﾁｮｳ
313254,310000,若桜町,ﾜｶｻﾁｮｳ
313289,310000,智頭町,ﾁﾂﾞﾁｮｳ
313297,310000,八頭町,ﾔｽﾞﾁｮｳ
313645,310000,三朝町,ﾐｻｻﾁｮｳ
313700,310000,湯梨浜町,ﾕﾘﾊﾏﾁｮｳ
313718,310000,琴浦町,ｺﾄｳﾗﾁｮｳ
313726,310000,北栄町,ﾎｸｴｲﾁｮｳ
313840,310000,日吉津村,ﾋｴﾂﾞｿﾝ
313866,310000,大山町,ﾀﾞｲｾﾝﾁｮｳ
313891,310000,南部町,ﾅﾝﾌﾞﾁｮｳ
313904,310000,伯耆町,ﾎｳｷﾁｮｳ
314013,310000,日南町,ﾆﾁﾅﾝﾁｮｳ
314021,310000,日野町,ﾋﾉﾁｮｳ
314030,310000,江府町,ｺｳﾌﾁｮｳ
322016,320005,松江市,ﾏﾂｴｼ
322024,320005,浜田市,ﾊﾏﾀﾞｼ
322032,320005,出雲市,ｲｽﾞﾓｼ
322041,320005,益田市,ﾏｽﾀﾞｼ
322059,320005,大田市,ｵｵﾀﾞｼ
322067,320005,安来市,ﾔｽｷﾞｼ
322075,320005,江津市,ｺﾞｳﾂｼ
322091,320005,雲南市,ｳﾝﾅﾝｼ
323438,320005,奥出雲町,ｵｸｲｽﾞﾓﾁｮｳ
323861,320005,飯南町,ｲｲﾅﾝﾁｮｳ
324418,320005,川本町,ｶﾜﾓﾄﾏﾁ
324485,320005,美郷町,ﾐｻﾄﾁｮｳ
324493,320005,邑南町,ｵｵﾅﾝﾁｮｳ
325015,320005,津和野町,ﾂﾜﾉﾁｮｳ
325058,320005,吉賀町,ﾖｼｶﾁｮｳ
325252,320005,海士町,ｱﾏﾁｮｳ
325261,320005,西ノ島町,ﾆｼﾉｼﾏﾁｮｳ
325279,320005,知夫村,ﾁﾌﾞﾑﾗ
325287,320005,隠岐の島町,ｵｷﾉｼﾏﾁｮｳ
331007,330001,岡山市,ｵｶﾔﾏｼ
332020,330001,倉敷市,ｸﾗｼｷｼ
332038,330001,津山市,ﾂﾔﾏｼ
332046,330001,玉野市,ﾀﾏﾉｼ
332054,330001,笠岡市,ｶｻｵｶｼ
332071,330001,井原市,ｲﾊﾞﾗｼ
332089,330001,総社市,ｿｳｼﾞﾔｼ
332097,330001,高梁市,ﾀｶﾊｼｼ
332101,330001,新見市,ﾆｲﾐｼ
332119,330001,備前市,ﾋﾞｾﾞﾝｼ
332127,330001,瀬戸内市,ｾﾄｳﾁｼ
332135,330001,赤磐市,ｱｶｲﾜｼ
332143,330001,真庭市,ﾏﾆﾜｼ
332151,330001,美作市,ﾐﾏｻｶｼ
332160,330001,浅口市,ｱｻｸﾁｼ
333468,330001,和気町,ﾜｹﾁｮｳ
334235,330001,早島町,ﾊﾔｼﾏﾁｮｳ
334456,330001,里庄町,ｻﾄｼｮｳﾁｮｳ
334618,330001,矢掛町,ﾔｶｹﾞﾁｮｳ
335860,330001,新庄村,ｼﾝｼﾞﾖｳｿﾝ
336068,330001,鏡野町,ｶｶﾞﾐﾉﾁｮｳ
336220,330001,勝央町,ｼｮｳｵｳﾁｮｳ
336238,330001,奈義町,ﾅｷﾞﾁｮｳ
336432,330001,西粟倉村,ﾆｼｱﾜｸﾗｿﾝ
336637,330001,久米南町,ｸﾒﾅﾝﾁｮｳ
336661,330001,美咲町,ﾐｻｷﾁｮｳ
336815,330001,吉備中央町,ｷﾋﾞﾁｭｳｵｳﾁｮｳ
341002,340006,広島市,ﾋﾛｼﾏｼ
342025,340006,呉市,ｸﾚｼ
342033,340006,竹原市,ﾀｹﾊﾗｼ
342041,340006,三原市,ﾐﾊﾗｼ
342050,340006,尾道市,ｵﾉﾐﾁｼ
342076,340006,福山市,ﾌｸﾔﾏｼ
342084,340006,府中市,ﾌﾁｭｳｼ
342092,340006,三次市,ﾐﾖｼｼ
342106,340006,庄原市,ｼｮｳﾊﾞﾗｼ
342114,340006,大竹市,ｵｵﾀｹｼ
342122,340006,東広島市,ﾋｶﾞｼﾋﾛｼﾏｼ
342131,340006,廿日市市,ﾊﾂｶｲﾁｼ
342149,340006,安芸高田市,ｱｷﾀｶﾀｼ
342157,340006,江田島市,ｴﾀｼﾞﾏｼ
343021,340006,府中町,ﾌﾁｭｳﾁｮｳ
343048,340006,海田町,ｶｲﾀﾁｮｳ
343072,340006,熊野町,ｸﾏﾉﾁｮｳ
343099,340006,坂町,ｻｶﾁｮｳ
343684,340006,安芸太田町,ｱｷｵｵﾀﾁｮｳ
343692,340006,北広島町,ｷﾀﾋﾛｼﾏﾁｮｳ
344311,340006,大崎上島町,ｵｵｻｷｶﾐｼﾞﾏﾁｮｳ
344621,340006,世羅町,ｾﾗﾁｮｳ
345458,340006,神石高原町,ｼﾞﾝｾｷｺｳｹﾞﾝﾁｮｳ
352012,350001,下関市,ｼﾓﾉｾｷｼ
352021,350001,宇部市,ｳﾍﾞｼ
352039,350001,山口市,ﾔﾏｸﾞﾁｼ
352047,350001,萩市,ﾊｷﾞｼ
352063,350001,防府市,ﾎｳﾌｼ
352071,350001,下松市,ｸﾀﾞﾏﾂｼ
352080,350001,岩国市,ｲﾜｸﾆｼ
352101,350001,光市,ﾋｶﾘｼ
352110,350001,長門市,ﾅｶﾞﾄｼ
352128,350001,柳井市,ﾔﾅｲｼ
352136,350001,美祢市,ﾐﾈｼ
352152,350001,周南市,ｼｭｳﾅﾝｼ
352161,350001,山陽小野田市,ｻﾝﾖｳｵﾉﾀﾞｼ
353051,350001,周防大島町,ｽｵｳｵｵｼﾏﾁｮｳ
353213,350001,和木町,ﾜｷﾁｮｳ
353418,350001,上関町,ｶﾐﾉｾｷﾁｮｳ
353434,350001,田布施町,ﾀﾌﾞｾﾁｮｳ
353442,350001,平生町,ﾋﾗｵﾁｮｳ
355020,350001,阿武町,ｱﾌﾞﾁｮｳ
362018,360007,徳島市,ﾄｸｼﾏｼ
362026,360007,鳴門市,ﾅﾙﾄｼ
362034,360007,小松島市,ｺﾏﾂｼﾏｼ
362042,360007,阿南市,ｱﾅﾝｼ
362051,360007,吉野川市,ﾖｼﾉｶﾞﾜｼ
362069,360007,阿波市,ｱﾜｼ
362077,360007,美馬市,ﾐﾏｼ
362085,360007,三好市,ﾐﾖｼｼ
363014,360007,勝浦町,ｶﾂｳﾗﾁｮｳ
363022,360007,上勝町,ｶﾐｶﾂﾁｮｳ
363219,360007,佐那河内村,ｻﾅｺﾞｳﾁｿﾝ
363413,360007,石井町,ｲｼｲﾁｮｳ
363421,360007,神山町,ｶﾐﾔﾏﾁｮｳ
363685,360007,那賀町,ﾅｶﾁｮｳ
363839,360007,牟岐町,ﾑｷﾞﾁｮｳ
363871,360007,美波町,ﾐﾅﾐﾁｮｳ
363880,360007,海陽町,ｶｲﾖｳﾁｮｳ
364011,360007,松茂町,ﾏﾂｼｹﾞﾁｮｳ
364029,360007,北島町,ｷﾀｼﾞﾏﾁｮｳ
364037,360007,藍住町,ｱｲｽﾞﾐﾁｮｳ
364045,360007,板野町,ｲﾀﾉﾁｮｳ
364053,360007,上板町,ｶﾐｲﾀﾁｮｳ
364681,360007,つるぎ町,ﾂﾙｷﾞﾁｮｳ
364894,360007,東みよし町,ﾋｶﾞｼﾐﾖｼﾁｮｳ
372013,370002,高松市,ﾀｶﾏﾂｼ
372021,370002,丸亀市,ﾏﾙｶﾞﾒｼ
372030,370002,坂出市,ｻｶｲﾃﾞｼ
372048,370002,善通寺市,ｾﾞﾝﾂｳｼﾞｼ
372056,370002,観音寺市,ｶﾝｵﾝｼﾞｼ
372064,370002,さぬき市,ｻﾇｷｼ
372072,370002,東かがわ市,ﾋｶﾞｼｶｶﾞﾜｼ
372081,370002,三豊市,ﾐﾄﾖｼ
373222,370002,土庄町,ﾄﾉｼｮｳﾁｮｳ
373249,370002,小豆島町,ｼｮｳﾄﾞｼﾏﾁｮｳ
373419,370002,三木町,ﾐｷﾁｮｳ
373648,370002,直島町,ﾅｵｼﾏﾁｮｳ
373869,370002,宇多津町,ｳﾀﾂﾞﾁｮｳ
373877,370002,綾川町,ｱﾔｶﾞﾜﾁｮｳ
374032,370002,琴平町,ｺﾄﾋﾗﾁｮｳ
374041,370002,多度津町,ﾀﾄﾞﾂﾁｮｳ
374067,370002,まんのう町,ﾏﾝﾉｳﾁｮｳ
382019,380008,松山市,ﾏﾂﾔﾏｼ
382027,380008,今治市,ｲﾏﾊﾞﾘｼ
382035,380008,宇和島市,ｳﾜｼﾞﾏｼ
382043,380008,八幡浜市,ﾔﾜﾀﾊﾏｼ
382051,380008,新居浜市,ﾆｲﾊﾏｼ
382060,380008,西条市,ｻｲｼﾞｮｳｼ
382078,380008,大洲市,ｵｵｽﾞｼ
382108,380008,伊予市,ｲﾖｼ
382132,380008,四国中央市,ｼｺｸﾁｭｳｵｳｼ
382141,380008,西予市,ｾｲﾖｼ
382159,380008,東温市,ﾄｳｵﾝｼ
383562,380008,上島町,ｶﾐｼﾞﾏﾁｮｳ
383864,380008,久万高原町,ｸﾏｺｳｹﾞﾝﾁｮｳ
384011,380008,松前町,ﾏｻｷﾁｮｳ
384020,380008,砥部町,ﾄﾍﾞﾁｮｳ
384224,380008,内子町,ｳﾁｺﾁｮｳ
384429,380008,伊方町,ｲｶﾀﾁｮｳ
384844,380008,松野町,ﾏﾂﾉﾁｮｳ
384887,380008,鬼北町,ｷﾎｸﾁｮｳ
385069,380008,愛南町,ｱｲﾅﾝﾁｮｳ
392014,390003,高知市,ｺｳﾁｼ
392022,390003,室戸市,ﾑﾛﾄｼ
392031,390003,安芸市,ｱｷｼ
392049,390003,南国市,ﾅﾝｺｸｼ
392057,390003,土佐市,ﾄｻｼ
392065,390003,須崎市,ｽｻｷｼ
392081,390003,宿毛市,ｽｸﾓｼ
392090,390003,土佐清水市,ﾄｻｼﾐｽﾞｼ
392103,390003,四万十市,ｼﾏﾝﾄｼ
392111,390003,香南市,ｺｳﾅﾝｼ
392120,390003,香美市,ｶﾐｼ
393011,390003,東洋町,ﾄｳﾖｳﾁｮｳ
393029,390003,奈半利町,ﾅﾊﾘﾁｮｳ
393037,390003,田野町,ﾀﾉﾁｮｳ
393045,390003,安田町,ﾔｽﾀﾞﾁｮｳ
393053,390003,北川村,ｷﾀｶﾞﾜﾑﾗ
393061,390003,馬路村,ｳﾏｼﾞﾑﾗ
393070,390003,芸西村,ｹﾞｲｾｲﾑﾗ
393410,390003,本山町,ﾓﾄﾔﾏﾁｮｳ
393444,390003,大豊町,ｵｵﾄﾖﾁｮｳ
393631,390003,土佐町,ﾄｻﾁｮｳ
393649,390003,大川村,ｵｵｶﾜﾑﾗ
393860,390003,いの町,ｲﾉﾁｮｳ
393878,390003,仁淀川町,ﾆﾖﾄﾞｶﾞﾜﾁｮｳ
394017,390003,中土佐町,ﾅｶﾄｻﾁｮｳ
394025,390003,佐川町,ｻｶﾜﾁｮｳ
394033,390003,越知町,ｵﾁﾁｮｳ
394050,390003,梼原町,ﾕｽﾊﾗﾁｮｳ
394106,390003,日高村,ﾋﾀﾞｶﾑﾗ
394114,390003,津野町,ﾂﾉﾁｮｳ
394122,390003,四万十町,ｼﾏﾝﾄﾁｮｳ
394246,390003,大月町,ｵｵﾂｷﾁｮｳ
394271,390003,三原村,ﾐﾊﾗﾑﾗ
394289,390003,黒潮町,ｸﾛｼｵﾁｮｳ
401005,400009,北九州市,ｷﾀｷｭｳｼｭｳｼ
401307,400009,福岡市,ﾌｸｵｶｼ
402028,400009,大牟田市,ｵｵﾑﾀｼ
402036,400009,久留米市,ｸﾙﾒｼ
402044,400009,直方市,ﾉｵｶﾞﾀｼ
402052,400009,飯塚市,ｲｲﾂﾞｶｼ
402061,400009,田川市,ﾀｶﾞﾜｼ
402079,400009,柳川市,ﾔﾅｶﾞﾜｼ
402109,400009,八女市,ﾔﾒｼ
402117,400009,筑後市,ﾁｸｺﾞｼ
402125,400009,大川市,ｵｵｶﾜｼ
402133,400009,行橋市,ﾕｸﾊｼｼ
402141,400009,豊前市,ﾌﾞｾﾞﾝｼ
402150,400009,中間市,ﾅｶﾏｼ
402168,400009,小郡市,ｵｺﾞｵﾘｼ
402176,400009,筑紫野市,ﾁｸｼﾉｼ
402184,400009,春日市,ｶｽｶﾞｼ
402192,400009,大野城市,ｵｵﾉｼﾞｮｳｼ
402206,400009,宗像市,ﾑﾅｶﾀｼ
402214,400009,太宰府市,ﾀﾞｻﾞｲﾌｼ
402231,400009,古賀市,ｺｶﾞｼ
402249,400009,福津市,ﾌｸﾂｼ
402257,400009,うきは市,ｳｷﾊｼ
402265,400009,宮若市,ﾐﾔﾜｶｼ
402273,400009,嘉麻市,ｶﾏｼ
402281,400009,朝倉市,ｱｻｸﾗｼ
402290,400009,みやま市,ﾐﾔﾏｼ
402303,400009,糸島市,ｲﾄｼﾏｼ
402311,400009,那珂川市,ﾅｶｶﾞﾜｼ
403415,400009,宇美町,ｳﾐﾏﾁ
403423,400009,篠栗町,ｻｻｸﾞﾘﾏﾁ
403431,400009,志免町,ｼﾒﾏﾁ
403440,400009,須恵町,ｽｴﾏﾁ
403458,400009,新宮町,ｼﾝｸﾞｳﾏﾁ
403482,400009,久山町,ﾋｻﾔﾏﾏﾁ
403491,400009,粕屋町,ｶｽﾔﾏﾁ
403814,400009,芦屋町,ｱｼﾔﾏﾁ
403822,400009,水巻町,ﾐｽﾞﾏｷﾏﾁ
403831,400009,岡垣町,ｵｶｶﾞｷﾏﾁ
403849,400009,遠賀町,ｵﾝｶﾞﾁｮｳ
404012,400009,小竹町,ｺﾀｹﾏﾁ
404021,400009,鞍手町,ｸﾗﾃﾏﾁ
404217,400009,桂川町,ｹｲｾﾝﾏﾁ
404471,400009,筑前町,ﾁｸｾﾞﾝﾏﾁ
404489,400009,東峰村,ﾄｳﾎｳﾑﾗ
405035,400009,大刀洗町,ﾀﾁｱﾗｲﾏﾁ
405221,400009,大木町,ｵｵｷﾏﾁ
405442,400009,広川町,ﾋﾛｶﾜﾏﾁ
406015,400009,香春町,ｶﾜﾗﾏﾁ
406023,400009,添田町,ｿｴﾀﾞﾏﾁ
406040,400009,糸田町,ｲﾄﾀﾞﾏﾁ
406058,400009,川崎町,ｶﾜｻｷﾏﾁ
406082,400009,大任町,ｵｵﾄｳﾏﾁ
406091,400009,赤村,ｱｶﾑﾗ
406104,400009,福智町,ﾌｸﾁﾏﾁ
406210,400009,苅田町,ｶﾝﾀﾞﾏﾁ
406252,400009,みやこ町,ﾐﾔｺﾏﾁ
406422,400009,吉富町,ﾖｼﾄﾐﾏﾁ
406465,400009,上毛町,ｺｳｹﾞﾏﾁ
406473,400009,築上町,ﾁｸｼﾞｮｳﾏﾁ
412015,410004,佐賀市,ｻｶﾞｼ
412023,410004,唐津市,ｶﾗﾂｼ
412031,410004,鳥栖市,ﾄｽｼ
412040,410004,多久市,ﾀｸｼ
412058,410004,伊万里市,ｲﾏﾘｼ
412066,410004,武雄市,ﾀｹｵｼ
412074,410004,鹿島市,ｶｼﾏｼ
412082,410004,小城市,ｵｷﾞｼ
412091,410004,嬉野市,ｳﾚｼﾉｼ
412104,410004,神埼市,ｶﾝｻﾞｷｼ
413275,410004,吉野ヶ里町,ﾖｼﾉｶﾞﾘﾁｮｳ
413411,410004,基山町,ｷﾔﾏﾁｮｳ
413453,410004,上峰町,ｶﾐﾐﾈﾁｮｳ
413461,410004,みやき町,ﾐﾔｷﾁｮｳ
413879,410004,玄海町,ｹﾞﾝｶｲﾁｮｳ
414018,410004,有田町,ｱﾘﾀﾁｮｳ
414239,410004,大町町,ｵｵﾏﾁﾁｮｳ
414247,410004,江北町,ｺｳﾎｸﾏﾁ
414255,410004,白石町,ｼﾛｲｼﾁｮｳ
414417,410004,太良町,ﾀﾗﾁｮｳ
422011,420000,長崎市,ﾅｶﾞｻｷｼ
422029,420000,佐世保市,ｻｾﾎﾞｼ
422037,420000,島原市,ｼﾏﾊﾞﾗｼ
422045,420000,諫早市,ｲｻﾊﾔｼ
422053,420000,大村市,ｵｵﾑﾗｼ
422070,420000,平戸市,ﾋﾗﾄﾞｼ
422088,420000,松浦市,ﾏﾂｳﾗｼ
422096,420000,対馬市,ﾂｼﾏｼ
422100,420000,壱岐市,ｲｷｼ
422118,420000,五島市,ｺﾞﾄｳｼ
422126,420000,西海市,ｻｲｶｲｼ
422134,420000,雲仙市,ｳﾝｾﾞﾝｼ
422142,420000,南島原市,ﾐﾅﾐｼﾏﾊﾞﾗｼ
423076,420000,長与町,ﾅｶﾞﾖﾁｮｳ
423084,420000,時津町,ﾄｷﾞﾂﾁｮｳ
423211,420000,東彼杵町,ﾋｶﾞｼｿﾉｷﾞﾁｮｳ
423220,420000,川棚町,ｶﾜﾀﾅﾁｮｳ
423238,420000,波佐見町,ﾊｻﾐﾁｮｳ
423831,420000,小値賀町,ｵﾁﾞｶﾁｮｳ
423912,420000,佐々町,ｻｻﾞﾁｮｳ
424111,420000,新上五島町,ｼﾝｶﾐｺﾞﾄｳﾁｮｳ
431001,430005,熊本市,ｸﾏﾓﾄｼ
432024,430005,八代市,ﾔﾂｼﾛｼ
432032,430005,人吉市,ﾋﾄﾖｼｼ
432041,430005,荒尾市,ｱﾗｵｼ
432059,430005,水俣市,ﾐﾅﾏﾀｼ
432067,430005,玉名市,ﾀﾏﾅｼ
432083,430005,山鹿市,ﾔﾏｶﾞｼ
432105,430005,菊池市,ｷｸﾁｼ
432113,430005,宇土市,ｳﾄｼ
432121,430005,上天草市,ｶﾐｱﾏｸｻｼ
432130,430005,宇城市,ｳｷｼ
432148,430005,阿蘇市,ｱｿｼ
432156,430005,天草市,ｱﾏｸｻｼ
432164,430005,合志市,ｺｳｼｼ
433489,430005,美里町,ﾐｻﾄﾏﾁ
433641,430005,玉東町,ｷﾞｮｸﾄｳﾏﾁ
433675,430005,南関町,ﾅﾝｶﾝﾏﾁ
433683,430005,長洲町,ﾅｶﾞｽﾏﾁ
433691,430005,和水町,ﾅｺﾞﾐﾏﾁ
434035,430005,大津町,ｵｵﾂﾞﾏﾁ
434043,430005,菊陽町,ｷｸﾖｳﾏﾁ
434230,430005,南小国町,ﾐﾅﾐｵｸﾞﾆﾏﾁ
434248,430005,小国町,ｵｸﾞﾆﾏﾁ
434256,430005,産山村,ｳﾌﾞﾔﾏﾑﾗ
434281,430005,高森町,ﾀｶﾓﾘﾏﾁ
434329,430005,西原村,ﾆｼﾊﾗﾑﾗ
434337,430005,南阿蘇村,ﾐﾅﾐｱｿﾑﾗ
434418,430005,御船町,ﾐﾌﾈﾏﾁ
434426,430005,嘉島町,ｶｼﾏﾏﾁ
434434,430005,益城町,ﾏｼｷﾏﾁ
434442,430005,甲佐町,ｺｳｻﾏﾁ
434477,430005,山都町,ﾔﾏﾄﾁｮｳ
434680,430005,氷川町,ﾋｶﾜﾁｮｳ
434825,430005,芦北町,ｱｼｷﾀﾏﾁ
434841,430005,津奈木町,ﾂﾅｷﾞﾏﾁ
435015,430005,錦町,ﾆｼｷﾏﾁ
435058,430005,多良木町,ﾀﾗｷﾞﾏﾁ
435066,430005,湯前町,ﾕﾉﾏｴﾏﾁ
435074,430005,水上村,ﾐｽﾞｶﾐﾑﾗ
435104,430005,相良村,ｻｶﾞﾗﾑﾗ
435112,430005,五木村,ｲﾂｷﾑﾗ
435121,430005,山江村,ﾔﾏｴﾑﾗ
435139,430005,球磨村,ｸﾏﾑﾗ
435147,430005,あさぎり町,ｱｻｷﾞﾘﾁｮｳ
435317,430005,苓北町,ﾚｲﾎｸﾏﾁ
442011,440001,大分市,ｵｵｲﾀｼ
442020,440001,別府市,ﾍﾞｯﾌﾟｼ
442038,440001,中津市,ﾅｶﾂｼ
442046,440001,日田市,ﾋﾀｼ
442054,440001,佐伯市,ｻｲｷｼ
442062,440001,臼杵市,ｳｽｷｼ
442071,440001,津久見市,ﾂｸﾐｼ
442089,440001,竹田市,ﾀｹﾀｼ
442097,440001,豊後高田市,ﾌﾞﾝｺﾞﾀｶﾀﾞｼ
442101,440001,杵築市,ｷﾂｷｼ
442119,440001,宇佐市,ｳｻｼ
442127,440001,豊後大野市,ﾌﾞﾝｺﾞｵｵﾉｼ
442135,440001,由布市,ﾕﾌｼ
442143,440001,国東市,ｸﾆｻｷｼ
443221,440001,姫島村,ﾋﾒｼﾏﾑﾗ
443417,440001,日出町,ﾋｼﾞﾏﾁ
444618,440001,九重町,ｺｺﾉｴﾏﾁ
444626,440001,玖珠町,ｸｽﾏﾁ
452017,450006,宮崎市,ﾐﾔｻﾞｷｼ
452025,450006,都城市,ﾐﾔｺﾉｼﾞｮｳｼ
452033,450006,延岡市,ﾉﾍﾞｵｶｼ
452041,450006,日南市,ﾆﾁﾅﾝｼ
452050,450006,小林市,ｺﾊﾞﾔｼｼ
452068,450006,日向市,ﾋｭｳｶﾞｼ
452076,450006,串間市,ｸｼﾏｼ
452084,450006,西都市,ｻｲﾄｼ
452092,450006,えびの市,ｴﾋﾞﾉｼ
453412,450006,三股町,ﾐﾏﾀﾁｮｳ
453617,450006,高原町,ﾀｶﾊﾙﾁｮｳ
453820,450006,国富町,ｸﾆﾄﾐﾁｮｳ
453838,450006,綾町,ｱﾔﾁｮｳ
454010,450006,高鍋町,ﾀｶﾅﾍﾞﾁｮｳ
454028,450006,新富町,ｼﾝﾄﾐﾁｮｳ
454036,450006,西米良村,ﾆｼﾒﾗｿﾝ
454044,450006,木城町,ｷｼﾞｮｳﾁｮｳ
454052,450006,川南町,ｶﾜﾐﾅﾐﾁｮｳ
454061,450006,都農町,ﾂﾉﾁｮｳ
454214,450006,門川町,ｶﾄﾞｶﾞﾜﾁｮｳ
454290,450006,諸塚村,ﾓﾛﾂｶｿﾝ
454303,450006,椎葉村,ｼｲﾊﾞｿﾝ
454311,450006,美郷町,ﾐｻﾄﾁｮｳ
454419,450006,高千穂町,ﾀｶﾁﾎﾁｮｳ
454427,450006,日之影町,ﾋﾉｶｹﾞﾁｮｳ
454435,450006,五ヶ瀬町,ｺﾞｶｾﾁｮｳ
462012,460001,鹿児島市,ｶｺﾞｼﾏｼ
462039,460001,鹿屋市,ｶﾉﾔｼ
462047,460001,枕崎市,ﾏｸﾗｻﾞｷｼ
462063,460001,阿久根市,ｱｸﾈｼ
462080,460001,出水市,ｲｽﾞﾐｼ
462101,460001,指宿市,ｲﾌﾞｽｷｼ
462136,460001,西之表市,ﾆｼﾉｵﾓﾃｼ
462144,460001,垂水市,ﾀﾙﾐｽﾞｼ
462152,460001,薩摩川内市,ｻﾂﾏｾﾝﾀﾞｲｼ
462161,460001,日置市,ﾋｵｷｼ
462179,460001,曽於市,ｿｵｼ
462187,460001,霧島市,ｷﾘｼﾏｼ
462195,460001,いちき串木野市,ｲﾁｷｸｼｷﾉｼ
462209,460001,南さつま市,ﾐﾅﾐｻﾂﾏｼ
462217,460001,志布志市,ｼﾌﾞｼｼ
462225,460001,奄美市,ｱﾏﾐｼ
462233,460001,南九州市,ﾐﾅﾐｷｭｳｼｭｳｼ
462241,460001,伊佐市,ｲｻｼ
462250,460001,姶良市,ｱｲﾗｼ
463035,460001,三島村,ﾐｼﾏﾑﾗ
463043,460001,十島村,ﾄｼﾏﾑﾗ
463922,460001,さつま町,ｻﾂﾏﾁｮｳ
464040,460001,長島町,ﾅｶﾞｼﾏﾁｮｳ
464520,460001,湧水町,ﾕｳｽｲﾁｮｳ
464686,460001,大崎町,ｵｵｻｷﾁｮｳ
464821,460001,東串良町,ﾋｶﾞｼｸｼﾗﾁｮｳ
464902,460001,錦江町,ｷﾝｺｳﾁｮｳ
464911,460001,南大隅町,ﾐﾅﾐｵｵｽﾐﾁｮｳ
464929,460001,肝付町,ｷﾓﾂｷﾁｮｳ
465011,460001,中種子町,ﾅｶﾀﾈﾁｮｳ
465020,460001,南種子町,ﾐﾅﾐﾀﾈﾁｮｳ
465054,460001,屋久島町,ﾔｸｼﾏﾁｮｳ
465232,460001,大和村,ﾔﾏﾄｿﾝ
465241,460001,宇検村,ｳｹﾝｿﾝ
465259,460001,瀬戸内町,ｾﾄｳﾁﾁｮｳ
465275,460001,龍郷町,ﾀﾂｺﾞｳﾁｮｳ
465291,460001,喜界町,ｷｶｲﾁｮｳ
465305,460001,徳之島町,ﾄｸﾉｼﾏﾁｮｳ
465313,460001,天城町,ｱﾏｷﾞﾁｮｳ
465321,460001,伊仙町,ｲｾﾝﾁｮｳ
465330,460001,和泊町,ﾜﾄﾞﾏﾘﾁｮｳ
465348,460001,知名町,ﾁﾅﾁｮｳ
465356,460001,与論町,ﾖﾛﾝﾁｮｳ
472018,470007,那覇市,ﾅﾊｼ
472051,470007,宜野湾市,ｷﾞﾉﾜﾝｼ
472077,470007,石垣市,ｲｼｶﾞｷｼ
472085,470007,浦添市,ｳﾗｿｴｼ
472093,470007,名護市,ﾅｺﾞｼ
472107,470007,糸満市,ｲﾄﾏﾝｼ
472115,470007,沖縄市,ｵｷﾅﾜｼ
472123,470007,豊見城市,ﾄﾐｸﾞｽｸｼ
472131,470007,うるま市,ｳﾙﾏｼ
472140,470007,宮古島市,ﾐﾔｺｼﾞﾏｼ
472158,470007,南城市,ﾅﾝｼﾞｮｳｼ
473014,470007,国頭村,ｸﾆｶﾞﾐｿﾝ
473022,470007,大宜味村,ｵｵｷﾞﾐｿﾝ
473031,470007,東村,ﾋｶﾞｼｿﾝ
473065,470007,今帰仁村,ﾅｷｼﾞﾝｿﾝ
473081,470007,本部町,ﾓﾄﾌﾞﾁｮｳ
473111,470007,恩納村,ｵﾝﾅｿﾝ
473138,470007,宜野座村,ｷﾞﾉｻﾞｿﾝ
473146,470007,金武町,ｷﾝﾁｮｳ
473154,470007,伊江村,ｲｴｿﾝ
473243,470007,読谷村,ﾖﾐﾀﾝｿﾝ
473251,470007,嘉手納町,ｶﾃﾞﾅﾁｮｳ
473260,470007,北谷町,ﾁﾔﾀﾝﾁｮｳ
473278,470007,北中城村,ｷﾀﾅｶｸﾞｽｸｿﾝ
473286,470007,中城村,ﾅｶｸﾞｽｸｿﾝ
473294,470007,西原町,ﾆｼﾊﾗﾁｮｳ
473481,470007,与那原町,ﾖﾅﾊﾞﾙﾁｮｳ
473502,470007,南風原町,ﾊｴﾊﾞﾙﾁｮｳ
473537,470007,渡嘉敷村,ﾄｶｼｷｿﾝ
473545,470007,座間味村,ｻﾞﾏﾐｿﾝ
473553,470007,粟国村,ｱｸﾞﾆｿﾝ
473561,470007,渡名喜村,ﾄﾅｷｿﾝ
473570,470007,南大東村,ﾐﾅﾐﾀﾞｲﾄｳｿﾝ
473588,470007,北大東村,ｷﾀﾀﾞｲﾄｳｿﾝ
473596,470007,伊平屋村,ｲﾍﾔｿﾝ
473600,470007,伊是名村,ｲｾﾞﾅｿﾝ
473618,470007,久米島町,ｸﾒｼﾞﾏﾁｮｳ
473626,470007,八重瀬町,ﾔｴｾﾁｮｳ
473758,470007,多良間村,ﾀﾗﾏｿﾝ
473812,470007,竹富町,ﾀｹﾄﾐﾁｮｳ
473821,470007,与那国町,ﾖﾅｸﾞﾆﾁｮｳ
